-- MySQL dump 10.13  Distrib 5.1.41, for debian-linux-gnu (x86_64)
--
-- Host: localhost    Database: doherty
-- ------------------------------------------------------
-- Server version	5.1.41-3ubuntu12.10

/*!40101 SET @OLD_CHARACTER_SET_CLIENT=@@CHARACTER_SET_CLIENT */;
/*!40101 SET @OLD_CHARACTER_SET_RESULTS=@@CHARACTER_SET_RESULTS */;
/*!40101 SET @OLD_COLLATION_CONNECTION=@@COLLATION_CONNECTION */;
/*!40101 SET NAMES utf8 */;
/*!40103 SET @OLD_TIME_ZONE=@@TIME_ZONE */;
/*!40103 SET TIME_ZONE='+00:00' */;
/*!40014 SET @OLD_UNIQUE_CHECKS=@@UNIQUE_CHECKS, UNIQUE_CHECKS=0 */;
/*!40014 SET @OLD_FOREIGN_KEY_CHECKS=@@FOREIGN_KEY_CHECKS, FOREIGN_KEY_CHECKS=0 */;
/*!40101 SET @OLD_SQL_MODE=@@SQL_MODE, SQL_MODE='NO_AUTO_VALUE_ON_ZERO' */;
/*!40111 SET @OLD_SQL_NOTES=@@SQL_NOTES, SQL_NOTES=0 */;

--
-- Table structure for table `url`
--

DROP TABLE IF EXISTS `url`;
/*!40101 SET @saved_cs_client     = @@character_set_client */;
/*!40101 SET character_set_client = utf8 */;
CREATE TABLE `url` (
  `url_id` int(11) NOT NULL AUTO_INCREMENT,
  `url_str` varchar(2048) NOT NULL,
  `url_time` float DEFAULT NULL,
  `url_size` float DEFAULT NULL,
  `url_fetched` datetime DEFAULT NULL,
  `url_age` datetime DEFAULT NULL,
  PRIMARY KEY (`url_id`)
) ENGINE=InnoDB AUTO_INCREMENT=51 DEFAULT CHARSET=utf8;
/*!40101 SET character_set_client = @saved_cs_client */;

--
-- Dumping data for table `url`
--

LOCK TABLES `url` WRITE;
/*!40000 ALTER TABLE `url` DISABLE KEYS */;
INSERT INTO `url` VALUES (1,'http://dal.ca',NULL,NULL,NULL,NULL),(2,'http://dal.ca#',NULL,NULL,NULL,NULL),(3,'http://dal.ca/',NULL,NULL,NULL,NULL),(4,'http://www.dal.ca/about/planning_a_visit.html',NULL,NULL,NULL,NULL),(5,'http://www.dal.ca/admissions/contactus.html',NULL,NULL,NULL,NULL),(6,'http://www.dal.ca/academics/requestinfo.html',NULL,NULL,NULL,NULL),(7,'http://directory.dal.ca',NULL,NULL,NULL,NULL),(8,'http://alumniandfriends.dal.ca/',NULL,NULL,NULL,NULL),(9,'http://www.dal.ca/campus_life.html',NULL,NULL,NULL,NULL),(10,'http://www.dal.ca/',NULL,NULL,NULL,NULL),(11,'http://www.dal.ca/about.html',NULL,NULL,NULL,NULL),(12,'http://www.eluta.ca/top-employer-dalhousie-university',NULL,NULL,NULL,NULL),(13,'http://www.dal.ca/about/community_neighbourhood.html',NULL,NULL,NULL,NULL),(14,'http://www.dal.ca/academics.html',NULL,NULL,NULL,NULL),(15,'http://www.dal.ca/admissions.html',NULL,NULL,NULL,NULL),(16,'http://www.dal.ca/research.html',NULL,NULL,NULL,NULL),(17,'http://careerservicescentre.dal.ca',NULL,NULL,NULL,NULL),(18,'http://staffingservices.dal.ca/Employment/',NULL,NULL,NULL,NULL),(19,'http://www.dal.ca/search.html',NULL,NULL,NULL,NULL),(20,'http://www.dal.ca/media.html',NULL,NULL,NULL,NULL),(21,'http://www.dal.ca/faculty_staff.html',NULL,NULL,NULL,NULL),(22,'http://owl.dal.ca/',NULL,NULL,NULL,NULL),(23,'http://campusmap.dal.ca',NULL,NULL,NULL,NULL),(24,'http://www.dal.ca/news.html',NULL,NULL,NULL,NULL),(25,'http://www.dal.ca/privacy_statement.html',NULL,NULL,NULL,NULL),(26,'http://media.dal.ca',NULL,NULL,NULL,NULL),(27,'http://www.dal.ca/employers.html',NULL,NULL,NULL,NULL),(28,'http://my.dal.ca/',NULL,NULL,NULL,NULL),(29,'http://www.dal.ca/contact_us.html',NULL,NULL,NULL,NULL),(30,'http://libraries.dal.ca/',NULL,NULL,NULL,NULL),(31,'http://www.dal.ca/current_students.html',NULL,NULL,NULL,NULL),(32,'http://www.dal.ca/parents.html',NULL,NULL,NULL,NULL),(33,'http://www.dal.ca/terms_of_use.html',NULL,NULL,NULL,NULL),(34,'http://www.dal.ca/etc/designs/dalhousie/images/feedback/feedback_red_f.png',NULL,NULL,NULL,NULL),(35,'http://www.dal.ca/etc/designs/dalhousie/images/logo-top100-subsitefooter.png',NULL,NULL,NULL,NULL),(36,'http://www.dal.ca/academics/undergraduate_programs.html',NULL,NULL,NULL,NULL),(37,'http://www.dal.ca/campus_life/clubs_student_organizations.html',NULL,NULL,NULL,NULL),(38,'http://www.dal.ca/about/the_city_of_halifax.html',NULL,NULL,NULL,NULL),(39,'http://www.dal.ca/campus_life/residence_housing.html',NULL,NULL,NULL,NULL),(40,'http://athletics.dal.ca/',NULL,NULL,NULL,NULL),(41,'http://www.dal.ca/campus_life/student_services/career_development/careerservicescentre/Services_for_Students.html',NULL,NULL,NULL,NULL),(42,'http://www.dal.ca/admissions/money_matters/payment_due_dates.html',NULL,NULL,NULL,NULL),(43,'http://www.dal.ca/admissions/money_matters.html',NULL,NULL,NULL,NULL),(44,'http://www.dal.ca/admissions/money_matters/funding_sources.html',NULL,NULL,NULL,NULL),(45,'http://www.dal.ca/admissions/money_matters/tuition_fees_costs.html',NULL,NULL,NULL,NULL),(46,'http://www.dal.ca/admissions/money_matters/tuition_fees_costs/fee_calculator.html',NULL,NULL,NULL,NULL),(47,'http://gdata.youtube.com/static/images/icn_star_full_11x11.gif',NULL,NULL,NULL,NULL),(48,'http://www.dal.ca/academics/graduate_programs.html',NULL,NULL,NULL,NULL),(49,'http://www.dal.ca/campus_life/student_services.html',NULL,NULL,NULL,NULL),(50,'http://dal.ca/#',NULL,NULL,NULL,NULL);
/*!40000 ALTER TABLE `url` ENABLE KEYS */;
UNLOCK TABLES;

--
-- Table structure for table `url_words`
--

DROP TABLE IF EXISTS `url_words`;
/*!40101 SET @saved_cs_client     = @@character_set_client */;
/*!40101 SET character_set_client = utf8 */;
CREATE TABLE `url_words` (
  `url_words_id` int(11) NOT NULL AUTO_INCREMENT,
  `url_word_count` int(11) NOT NULL,
  `url_id` int(11) NOT NULL,
  `word_id` int(11) NOT NULL,
  PRIMARY KEY (`url_words_id`),
  KEY `url_id` (`url_id`),
  KEY `word_id` (`word_id`),
  CONSTRAINT `url_words_ibfk_1` FOREIGN KEY (`url_id`) REFERENCES `url` (`url_id`),
  CONSTRAINT `url_words_ibfk_2` FOREIGN KEY (`word_id`) REFERENCES `words` (`word_id`)
) ENGINE=InnoDB AUTO_INCREMENT=9276 DEFAULT CHARSET=utf8;
/*!40101 SET character_set_client = @saved_cs_client */;

--
-- Dumping data for table `url_words`
--

LOCK TABLES `url_words` WRITE;
/*!40000 ALTER TABLE `url_words` DISABLE KEYS */;
INSERT INTO `url_words` VALUES (1,1,1,1),(2,1,1,2),(3,1,1,3),(4,1,1,4),(5,1,1,5),(6,2,1,6),(7,1,1,7),(8,1,1,8),(9,5,1,9),(10,1,1,10),(11,3,1,11),(12,1,1,12),(13,1,1,13),(14,1,1,14),(15,2,1,15),(16,1,1,16),(17,1,1,17),(18,1,1,18),(19,1,1,19),(20,1,1,20),(21,1,1,21),(22,2,1,22),(23,1,1,23),(24,1,1,24),(25,1,1,25),(26,2,1,26),(27,1,1,27),(28,1,1,28),(29,1,1,29),(30,1,1,30),(31,1,1,31),(32,1,1,32),(33,1,1,33),(34,1,1,34),(35,1,1,35),(36,1,1,36),(37,1,1,37),(38,1,1,38),(39,1,1,39),(40,1,1,40),(41,1,1,41),(42,1,1,42),(43,1,1,43),(44,1,1,44),(45,1,1,45),(46,1,1,46),(47,1,1,47),(48,1,1,48),(49,1,1,49),(50,1,1,50),(51,2,1,51),(52,1,1,52),(53,2,1,53),(54,1,1,54),(55,3,1,55),(56,1,1,56),(57,1,1,57),(58,1,1,58),(59,3,1,59),(60,1,1,60),(61,1,1,61),(62,1,1,62),(63,1,1,63),(64,2,1,64),(65,1,1,65),(66,1,1,66),(67,1,1,67),(68,1,1,68),(69,1,1,69),(70,1,1,70),(71,1,1,71),(72,1,1,72),(73,3,1,73),(74,1,1,74),(75,1,1,75),(76,1,1,76),(77,1,1,77),(78,1,1,78),(79,5,1,79),(80,4,1,80),(81,1,1,81),(82,1,1,82),(83,2,1,83),(84,1,1,84),(85,3,1,85),(86,1,1,86),(87,1,1,87),(88,1,1,88),(89,3,1,89),(90,1,1,90),(91,2,1,91),(92,1,1,92),(93,1,1,93),(94,1,1,94),(95,1,1,95),(96,1,1,96),(97,7,1,97),(98,1,1,98),(99,1,1,99),(100,1,1,100),(101,1,1,101),(102,1,1,102),(103,2,1,103),(104,1,1,104),(105,1,1,105),(106,3,1,106),(107,3,1,107),(108,3,1,108),(109,1,1,109),(110,1,1,110),(111,4,1,111),(112,1,1,112),(113,1,1,113),(114,1,1,114),(115,1,1,115),(116,2,1,116),(117,3,1,117),(118,1,1,118),(119,1,1,119),(120,2,1,120),(121,1,1,121),(122,1,1,122),(123,4,1,123),(124,1,1,124),(125,1,1,125),(126,1,1,126),(127,1,1,127),(128,2,1,128),(129,1,1,129),(130,1,1,130),(131,1,1,131),(132,2,1,132),(133,1,1,133),(134,1,1,134),(135,2,1,135),(136,1,1,136),(137,1,1,137),(138,1,1,138),(139,1,1,139),(140,1,1,140),(141,1,1,141),(142,2,1,142),(143,1,1,143),(144,1,1,144),(145,1,1,145),(146,1,1,146),(147,1,1,147),(148,1,1,148),(149,1,1,149),(150,1,1,150),(151,2,1,151),(152,1,1,152),(153,1,1,153),(154,1,1,154),(155,1,1,155),(156,1,1,156),(157,2,1,157),(158,1,1,158),(159,1,1,159),(160,1,1,160),(161,1,1,161),(162,1,1,162),(163,1,1,163),(164,1,1,164),(165,2,1,165),(166,3,1,166),(167,1,1,167),(168,1,1,168),(169,1,1,169),(170,3,1,170),(171,3,1,171),(172,1,1,172),(173,1,1,173),(174,1,1,174),(175,5,1,175),(176,1,2,1),(177,1,2,2),(178,1,2,3),(179,1,2,4),(180,1,2,5),(181,2,2,6),(182,1,2,7),(183,1,2,8),(184,5,2,9),(185,1,2,10),(186,3,2,11),(187,1,2,12),(188,1,2,13),(189,1,2,14),(190,2,2,15),(191,1,2,16),(192,1,2,17),(193,1,2,18),(194,1,2,19),(195,1,2,20),(196,1,2,21),(197,2,2,22),(198,1,2,23),(199,1,2,24),(200,1,2,25),(201,2,2,26),(202,1,2,27),(203,1,2,28),(204,1,2,29),(205,1,2,30),(206,1,2,31),(207,1,2,32),(208,1,2,33),(209,1,2,34),(210,1,2,35),(211,1,2,36),(212,1,2,37),(213,1,2,38),(214,1,2,39),(215,1,2,40),(216,1,2,41),(217,1,2,42),(218,1,2,43),(219,1,2,44),(220,1,2,45),(221,1,2,46),(222,1,2,47),(223,1,2,48),(224,1,2,49),(225,1,2,50),(226,2,2,51),(227,1,2,52),(228,2,2,53),(229,1,2,54),(230,3,2,55),(231,1,2,56),(232,1,2,57),(233,1,2,58),(234,3,2,59),(235,1,2,60),(236,1,2,61),(237,1,2,62),(238,1,2,63),(239,2,2,64),(240,1,2,65),(241,1,2,66),(242,1,2,67),(243,1,2,68),(244,1,2,69),(245,1,2,70),(246,1,2,71),(247,1,2,72),(248,3,2,73),(249,1,2,74),(250,1,2,75),(251,1,2,76),(252,1,2,77),(253,1,2,78),(254,5,2,79),(255,4,2,80),(256,1,2,81),(257,1,2,82),(258,2,2,83),(259,1,2,84),(260,3,2,85),(261,1,2,86),(262,1,2,87),(263,1,2,88),(264,3,2,89),(265,1,2,90),(266,2,2,91),(267,1,2,92),(268,1,2,93),(269,1,2,94),(270,1,2,95),(271,1,2,96),(272,7,2,97),(273,1,2,98),(274,1,2,99),(275,1,2,100),(276,1,2,101),(277,1,2,102),(278,2,2,103),(279,1,2,104),(280,1,2,105),(281,3,2,106),(282,3,2,107),(283,3,2,108),(284,1,2,109),(285,1,2,110),(286,4,2,111),(287,1,2,112),(288,1,2,113),(289,1,2,114),(290,1,2,115),(291,2,2,116),(292,3,2,117),(293,1,2,118),(294,1,2,119),(295,2,2,120),(296,1,2,121),(297,1,2,122),(298,4,2,123),(299,1,2,124),(300,1,2,125),(301,1,2,126),(302,1,2,127),(303,2,2,128),(304,1,2,129),(305,1,2,130),(306,1,2,131),(307,2,2,132),(308,1,2,133),(309,1,2,134),(310,2,2,135),(311,1,2,136),(312,1,2,137),(313,1,2,138),(314,1,2,139),(315,1,2,140),(316,1,2,141),(317,2,2,142),(318,1,2,143),(319,1,2,144),(320,1,2,145),(321,1,2,146),(322,1,2,147),(323,1,2,148),(324,1,2,149),(325,1,2,150),(326,2,2,151),(327,1,2,152),(328,1,2,153),(329,1,2,154),(330,1,2,155),(331,1,2,156),(332,2,2,157),(333,1,2,158),(334,1,2,159),(335,1,2,160),(336,1,2,161),(337,1,2,162),(338,1,2,163),(339,1,2,164),(340,2,2,165),(341,3,2,166),(342,1,2,167),(343,1,2,168),(344,1,2,169),(345,3,2,170),(346,3,2,171),(347,1,2,172),(348,1,2,173),(349,1,2,174),(350,5,2,175),(351,1,3,1),(352,1,3,2),(353,1,3,3),(354,1,3,4),(355,1,3,5),(356,2,3,6),(357,1,3,7),(358,1,3,8),(359,5,3,9),(360,1,3,10),(361,3,3,11),(362,1,3,12),(363,1,3,13),(364,1,3,14),(365,2,3,15),(366,1,3,16),(367,1,3,17),(368,1,3,18),(369,1,3,19),(370,1,3,20),(371,1,3,21),(372,2,3,22),(373,1,3,23),(374,1,3,24),(375,1,3,25),(376,2,3,26),(377,1,3,27),(378,1,3,28),(379,1,3,29),(380,1,3,30),(381,1,3,31),(382,1,3,32),(383,1,3,33),(384,1,3,34),(385,1,3,35),(386,1,3,36),(387,1,3,37),(388,1,3,38),(389,1,3,39),(390,1,3,40),(391,1,3,41),(392,1,3,42),(393,1,3,43),(394,1,3,44),(395,1,3,45),(396,1,3,46),(397,1,3,47),(398,1,3,48),(399,1,3,49),(400,1,3,50),(401,2,3,51),(402,1,3,52),(403,2,3,53),(404,1,3,54),(405,3,3,55),(406,1,3,56),(407,1,3,57),(408,1,3,58),(409,3,3,59),(410,1,3,60),(411,1,3,61),(412,1,3,62),(413,1,3,63),(414,2,3,64),(415,1,3,65),(416,1,3,66),(417,1,3,67),(418,1,3,68),(419,1,3,69),(420,1,3,70),(421,1,3,71),(422,1,3,72),(423,3,3,73),(424,1,3,74),(425,1,3,75),(426,1,3,76),(427,1,3,77),(428,1,3,78),(429,5,3,79),(430,4,3,80),(431,1,3,81),(432,1,3,82),(433,2,3,83),(434,1,3,84),(435,3,3,85),(436,1,3,86),(437,1,3,87),(438,1,3,88),(439,3,3,89),(440,1,3,90),(441,2,3,91),(442,1,3,92),(443,1,3,93),(444,1,3,94),(445,1,3,95),(446,1,3,96),(447,7,3,97),(448,1,3,98),(449,1,3,99),(450,1,3,100),(451,1,3,101),(452,1,3,102),(453,2,3,103),(454,1,3,104),(455,1,3,105),(456,3,3,106),(457,3,3,107),(458,3,3,108),(459,1,3,109),(460,1,3,110),(461,4,3,111),(462,1,3,112),(463,1,3,113),(464,1,3,114),(465,1,3,115),(466,2,3,116),(467,3,3,117),(468,1,3,118),(469,1,3,119),(470,2,3,120),(471,1,3,121),(472,1,3,122),(473,4,3,123),(474,1,3,124),(475,1,3,125),(476,1,3,126),(477,1,3,127),(478,2,3,128),(479,1,3,129),(480,1,3,130),(481,1,3,131),(482,2,3,132),(483,1,3,133),(484,1,3,134),(485,2,3,135),(486,1,3,136),(487,1,3,137),(488,1,3,138),(489,1,3,139),(490,1,3,140),(491,1,3,141),(492,2,3,142),(493,1,3,143),(494,1,3,144),(495,1,3,145),(496,1,3,146),(497,1,3,147),(498,1,3,148),(499,1,3,149),(500,1,3,150),(501,2,3,151),(502,1,3,152),(503,1,3,153),(504,1,3,154),(505,1,3,155),(506,1,3,156),(507,2,3,157),(508,1,3,158),(509,1,3,159),(510,1,3,160),(511,1,3,161),(512,1,3,162),(513,1,3,163),(514,1,3,164),(515,2,3,165),(516,3,3,166),(517,1,3,167),(518,1,3,168),(519,1,3,169),(520,3,3,170),(521,3,3,171),(522,1,3,172),(523,1,3,173),(524,1,3,174),(525,5,3,175),(526,1,4,526),(527,1,4,2),(528,2,4,528),(529,1,4,4),(530,4,4,5),(531,1,4,531),(532,1,4,532),(533,1,4,533),(534,1,4,534),(535,2,4,535),(536,3,4,536),(537,1,4,537),(538,1,4,538),(539,2,4,15),(540,1,4,540),(541,1,4,541),(542,1,4,21),(543,2,4,22),(544,1,4,544),(545,1,4,24),(546,1,4,546),(547,1,4,547),(548,1,4,548),(549,1,4,549),(550,6,4,550),(551,1,4,551),(552,2,4,552),(553,1,4,553),(554,2,4,554),(555,1,4,39),(556,2,4,556),(557,4,4,557),(558,1,4,558),(559,1,4,559),(560,1,4,42),(561,1,4,561),(562,1,4,562),(563,3,4,563),(564,1,4,564),(565,1,4,565),(566,1,4,566),(567,1,4,48),(568,1,4,568),(569,1,4,569),(570,2,4,53),(571,1,4,571),(572,1,4,56),(573,1,4,573),(574,1,4,58),(575,1,4,575),(576,1,4,576),(577,7,4,64),(578,1,4,578),(579,2,4,579),(580,1,4,66),(581,3,4,65),(582,1,4,68),(583,1,4,583),(584,1,4,584),(585,1,4,585),(586,1,4,586),(587,1,4,74),(588,3,4,588),(589,5,4,589),(590,1,4,590),(591,1,4,591),(592,1,4,77),(593,1,4,593),(594,1,4,594),(595,3,4,595),(596,1,4,596),(597,1,4,597),(598,2,4,84),(599,2,4,599),(600,2,4,600),(601,2,4,601),(602,1,4,602),(603,1,4,603),(604,1,4,604),(605,1,4,605),(606,1,4,606),(607,1,4,93),(608,1,4,608),(609,1,4,609),(610,1,4,610),(611,1,4,611),(612,8,4,97),(613,1,4,613),(614,1,4,102),(615,1,4,615),(616,1,4,616),(617,1,4,617),(618,1,4,618),(619,1,4,619),(620,1,4,108),(621,1,4,621),(622,3,4,622),(623,2,4,114),(624,2,4,624),(625,1,4,625),(626,7,4,626),(627,1,4,627),(628,1,4,628),(629,1,4,118),(630,1,4,630),(631,1,4,631),(632,1,4,632),(633,3,4,126),(634,3,4,634),(635,1,4,635),(636,1,4,128),(637,1,4,637),(638,5,4,129),(639,2,4,130),(640,1,4,640),(641,1,4,641),(642,15,4,132),(643,1,4,643),(644,1,4,137),(645,1,4,645),(646,1,4,646),(647,3,4,647),(648,1,4,648),(649,2,4,649),(650,1,4,141),(651,1,4,142),(652,1,4,652),(653,1,4,147),(654,1,4,654),(655,1,4,148),(656,1,4,656),(657,1,4,657),(658,1,4,149),(659,2,4,151),(660,1,4,660),(661,1,4,661),(662,3,4,662),(663,1,4,663),(664,1,4,664),(665,1,4,665),(666,3,4,666),(667,2,4,667),(668,1,4,668),(669,2,4,669),(670,2,4,670),(671,1,4,166),(672,1,4,672),(673,1,4,673),(674,1,4,674),(675,2,4,675),(676,1,4,676),(677,8,4,171),(678,2,4,175),(679,2,4,679),(680,4,4,680),(681,1,4,681),(682,1,4,682),(683,1,4,683),(684,2,4,684),(685,2,4,9),(686,1,4,686),(687,3,4,11),(688,2,4,688),(689,1,4,689),(690,1,4,690),(691,1,4,691),(692,1,4,692),(693,3,4,693),(694,1,4,16),(695,1,4,695),(696,1,4,23),(697,1,4,697),(698,1,4,698),(699,1,4,699),(700,1,4,700),(701,1,4,701),(702,1,4,28),(703,1,4,31),(704,1,4,704),(705,1,4,705),(706,2,4,706),(707,1,4,33),(708,1,4,37),(709,1,4,709),(710,1,4,710),(711,3,4,711),(712,2,4,44),(713,1,4,713),(714,1,4,714),(715,1,4,715),(716,1,4,716),(717,1,4,50),(718,1,4,51),(719,1,4,60),(720,2,4,720),(721,1,4,721),(722,1,4,722),(723,1,4,723),(724,1,4,724),(725,1,4,725),(726,1,4,726),(727,1,4,727),(728,1,4,73),(729,2,4,729),(730,2,4,730),(731,1,4,731),(732,1,4,732),(733,1,4,733),(734,1,4,734),(735,1,4,735),(736,1,4,76),(737,1,4,737),(738,1,4,738),(739,1,4,739),(740,1,4,740),(741,2,4,741),(742,2,4,78),(743,4,4,79),(744,1,4,81),(745,1,4,745),(746,1,4,82),(747,1,4,747),(748,1,4,748),(749,1,4,749),(750,1,4,750),(751,1,4,751),(752,1,4,752),(753,1,4,753),(754,2,4,754),(755,1,4,91),(756,1,4,756),(757,1,4,757),(758,2,4,95),(759,2,4,96),(760,1,4,760),(761,1,4,761),(762,1,4,762),(763,1,4,99),(764,1,4,764),(765,1,4,106),(766,1,4,766),(767,1,4,767),(768,3,4,107),(769,1,4,769),(770,16,4,111),(771,1,4,771),(772,1,4,772),(773,1,4,773),(774,1,4,774),(775,2,4,116),(776,1,4,776),(777,1,4,777),(778,1,4,119),(779,1,4,779),(780,4,4,123),(781,1,4,781),(782,1,4,127),(783,1,4,783),(784,1,4,784),(785,1,4,785),(786,1,4,786),(787,1,4,787),(788,1,4,788),(789,1,4,789),(790,1,4,136),(791,1,4,135),(792,2,4,792),(793,1,4,793),(794,1,4,138),(795,1,4,795),(796,1,4,796),(797,2,4,797),(798,1,4,798),(799,2,4,144),(800,1,4,145),(801,1,4,801),(802,1,4,802),(803,1,4,803),(804,2,4,150),(805,1,4,805),(806,1,4,153),(807,1,4,807),(808,1,4,158),(809,1,4,809),(810,2,4,810),(811,2,4,811),(812,2,4,812),(813,2,4,165),(814,1,4,814),(815,1,4,815),(816,1,4,816),(817,1,4,817),(818,1,4,168),(819,1,4,819),(820,1,4,820),(821,1,4,821),(822,2,4,822),(823,1,4,823),(824,1,4,174),(825,1,5,825),(826,3,5,91),(827,1,5,827),(828,2,5,4),(829,1,5,680),(830,1,5,830),(831,1,5,531),(832,1,5,832),(833,2,5,97),(834,1,5,834),(835,1,5,99),(836,2,5,836),(837,1,5,102),(838,4,5,104),(839,2,5,9),(840,1,5,840),(841,1,5,106),(842,2,5,11),(843,1,5,843),(844,2,5,15),(845,1,5,108),(846,1,5,107),(847,1,5,21),(848,2,5,22),(849,1,5,23),(850,1,5,24),(851,1,5,851),(852,2,5,114),(853,1,5,28),(854,1,5,119),(855,1,5,31),(856,1,5,856),(857,1,5,857),(858,1,5,858),(859,1,5,33),(860,1,5,127),(861,1,5,37),(862,1,5,862),(863,1,5,39),(864,1,5,864),(865,1,5,128),(866,4,5,129),(867,1,5,711),(868,1,5,868),(869,1,5,44),(870,1,5,133),(871,1,5,871),(872,1,5,872),(873,1,5,873),(874,1,5,50),(875,1,5,875),(876,2,5,53),(877,1,5,137),(878,1,5,56),(879,1,5,60),(880,1,5,138),(881,1,5,881),(882,1,5,882),(883,1,5,64),(884,1,5,884),(885,1,5,142),(886,1,5,579),(887,2,5,144),(888,1,5,888),(889,1,5,66),(890,1,5,890),(891,1,5,145),(892,1,5,892),(893,1,5,893),(894,1,5,68),(895,1,5,147),(896,1,5,896),(897,1,5,148),(898,1,5,73),(899,1,5,149),(900,1,5,153),(901,1,5,585),(902,1,5,662),(903,1,5,589),(904,1,5,76),(905,1,5,666),(906,1,5,906),(907,1,5,907),(908,1,5,165),(909,4,5,80),(910,2,5,78),(911,1,5,812),(912,1,5,81),(913,1,5,913),(914,1,5,914),(915,1,5,915),(916,1,5,168),(917,1,5,917),(918,2,5,675),(919,5,5,171),(920,1,5,920),(921,2,5,175),(922,1,6,679),(923,1,6,92),(924,1,6,924),(925,1,6,96),(926,3,6,4),(927,4,6,97),(928,1,6,100),(929,1,6,99),(930,1,6,930),(931,1,6,102),(932,2,6,9),(933,1,6,933),(934,2,6,934),(935,1,6,935),(936,1,6,936),(937,1,6,106),(938,1,6,938),(939,1,6,618),(940,2,6,11),(941,1,6,688),(942,1,6,942),(943,1,6,691),(944,2,6,15),(945,1,6,108),(946,1,6,107),(947,1,6,947),(948,1,6,21),(949,2,6,22),(950,1,6,23),(951,1,6,111),(952,1,6,952),(953,1,6,953),(954,1,6,24),(955,1,6,955),(956,1,6,114),(957,1,6,700),(958,1,6,27),(959,1,6,776),(960,1,6,28),(961,1,6,119),(962,1,6,31),(963,1,6,963),(964,1,6,964),(965,2,6,125),(966,1,6,33),(967,1,6,967),(968,1,6,127),(969,1,6,37),(970,1,6,39),(971,1,6,971),(972,1,6,128),(973,1,6,973),(974,2,6,129),(975,1,6,42),(976,4,6,711),(977,1,6,44),(978,1,6,132),(979,1,6,50),(980,1,6,980),(981,1,6,51),(982,2,6,53),(983,2,6,875),(984,1,6,984),(985,1,6,137),(986,1,6,56),(987,1,6,58),(988,1,6,60),(989,1,6,138),(990,1,6,647),(991,1,6,64),(992,1,6,142),(993,1,6,993),(994,1,6,144),(995,1,6,579),(996,1,6,66),(997,1,6,145),(998,1,6,998),(999,1,6,68),(1000,1,6,147),(1001,1,6,727),(1002,1,6,1002),(1003,1,6,148),(1004,1,6,1004),(1005,1,6,73),(1006,1,6,1006),(1007,1,6,149),(1008,1,6,1008),(1009,1,6,153),(1010,1,6,1010),(1011,1,6,663),(1012,1,6,76),(1013,1,6,1013),(1014,1,6,1014),(1015,1,6,1015),(1016,1,6,593),(1017,1,6,741),(1018,1,6,78),(1019,1,6,165),(1020,1,6,81),(1021,1,6,596),(1022,1,6,1022),(1023,1,6,915),(1024,1,6,168),(1025,1,6,1025),(1026,1,6,601),(1027,1,6,1027),(1028,3,6,171),(1029,1,6,822),(1030,1,6,1030),(1031,1,6,1031),(1032,2,6,175),(1033,1,7,1033),(1034,1,7,1034),(1035,1,7,1035),(1036,1,7,762),(1037,2,7,97),(1038,1,7,531),(1039,1,7,99),(1040,1,7,102),(1041,1,7,9),(1042,1,7,1042),(1043,1,7,106),(1044,1,7,1044),(1045,1,7,691),(1046,2,7,15),(1047,1,7,1047),(1048,1,7,1048),(1049,1,7,21),(1050,2,7,22),(1051,1,7,23),(1052,2,7,1052),(1053,2,7,1053),(1054,1,7,114),(1055,1,7,1055),(1056,1,7,1056),(1057,1,7,28),(1058,1,7,119),(1059,1,7,31),(1060,2,7,123),(1061,1,7,1061),(1062,1,7,1062),(1063,1,7,1063),(1064,1,7,33),(1065,1,7,127),(1066,1,7,37),(1067,1,7,39),(1068,3,7,1068),(1069,1,7,129),(1070,3,7,711),(1071,1,7,42),(1072,1,7,50),(1073,2,7,53),(1074,1,7,137),(1075,4,7,1075),(1076,1,7,56),(1077,1,7,60),(1078,1,7,138),(1079,1,7,1079),(1080,1,7,64),(1081,1,7,1081),(1082,1,7,884),(1083,1,7,1083),(1084,1,7,1084),(1085,1,7,1085),(1086,1,7,144),(1087,1,7,1087),(1088,1,7,579),(1089,1,7,66),(1090,1,7,145),(1091,1,7,1091),(1092,1,7,1092),(1093,1,7,68),(1094,1,7,147),(1095,1,7,148),(1096,1,7,73),(1097,1,7,149),(1098,1,7,1098),(1099,1,7,153),(1100,1,7,155),(1101,1,7,1101),(1102,1,7,1102),(1103,2,7,735),(1104,1,7,76),(1105,3,7,1105),(1106,1,7,1106),(1107,1,7,668),(1108,1,7,78),(1109,1,7,165),(1110,1,7,81),(1111,1,7,1111),(1112,2,7,914),(1113,1,7,816),(1114,1,7,168),(1115,1,7,1115),(1116,2,7,171),(1117,1,7,1117),(1118,4,7,175),(1119,1,8,679),(1120,1,8,1120),(1121,1,8,924),(1122,2,8,1122),(1123,1,8,1123),(1124,1,8,1124),(1125,1,8,1125),(1126,1,8,1126),(1127,1,8,4),(1128,10,8,1128),(1129,1,8,1129),(1130,3,8,1130),(1131,1,8,1131),(1132,1,8,1132),(1133,1,8,9),(1134,1,8,535),(1135,1,8,1135),(1136,1,8,1136),(1137,1,8,1137),(1138,1,8,1138),(1139,2,8,15),(1140,1,8,18),(1141,1,8,695),(1142,1,8,1142),(1143,1,8,1143),(1144,1,8,19),(1145,1,8,1145),(1146,1,8,21),(1147,2,8,22),(1148,1,8,23),(1149,1,8,1149),(1150,2,8,1150),(1151,1,8,1151),(1152,1,8,24),(1153,1,8,1153),(1154,1,8,955),(1155,1,8,1155),(1156,1,8,1156),(1157,2,8,548),(1158,2,8,1158),(1159,1,8,31),(1160,1,8,1160),(1161,1,8,1161),(1162,1,8,550),(1163,1,8,551),(1164,2,8,1164),(1165,2,8,1165),(1166,1,8,33),(1167,4,8,709),(1168,1,8,37),(1169,1,8,1169),(1170,1,8,1170),(1171,1,8,1171),(1172,1,8,39),(1173,3,8,1173),(1174,3,8,1174),(1175,1,8,1175),(1176,1,8,711),(1177,2,8,1177),(1178,1,8,1178),(1179,1,8,1179),(1180,1,8,716),(1181,2,8,1181),(1182,1,8,45),(1183,1,8,1183),(1184,1,8,566),(1185,1,8,1185),(1186,1,8,50),(1187,1,8,1187),(1188,2,8,53),(1189,1,8,55),(1190,1,8,56),(1191,1,8,1191),(1192,1,8,58),(1193,1,8,1193),(1194,1,8,60),(1195,1,8,881),(1196,2,8,1196),(1197,1,8,720),(1198,1,8,1198),(1199,1,8,1199),(1200,2,8,1200),(1201,1,8,1201),(1202,1,8,64),(1203,3,8,1203),(1204,1,8,66),(1205,2,8,1205),(1206,1,8,1206),(1207,1,8,68),(1208,1,8,1208),(1209,1,8,73),(1210,1,8,1210),(1211,1,8,1211),(1212,2,8,1212),(1213,3,8,1010),(1214,1,8,1214),(1215,1,8,589),(1216,1,8,1216),(1217,1,8,76),(1218,1,8,1218),(1219,2,8,1219),(1220,1,8,1220),(1221,1,8,1221),(1222,2,8,78),(1223,3,8,79),(1224,1,8,81),(1225,1,8,1225),(1226,1,8,82),(1227,1,8,1227),(1228,3,8,1228),(1229,1,8,601),(1230,1,8,1230),(1231,1,8,1231),(1232,1,8,1232),(1233,1,8,1233),(1234,1,8,1234),(1235,1,8,90),(1236,1,8,1236),(1237,1,8,1237),(1238,1,8,1238),(1239,15,8,97),(1240,2,8,613),(1241,1,8,1241),(1242,1,8,99),(1243,1,8,102),(1244,5,8,103),(1245,2,8,104),(1246,1,8,1246),(1247,1,8,1247),(1248,1,8,106),(1249,2,8,1249),(1250,1,8,1250),(1251,1,8,1251),(1252,1,8,1252),(1253,2,8,1253),(1254,1,8,1254),(1255,2,8,107),(1256,2,8,1256),(1257,3,8,109),(1258,1,8,1258),(1259,1,8,1259),(1260,1,8,1260),(1261,1,8,1261),(1262,6,8,1262),(1263,1,8,1263),(1264,1,8,1264),(1265,1,8,1265),(1266,2,8,114),(1267,1,8,117),(1268,1,8,776),(1269,2,8,118),(1270,1,8,119),(1271,1,8,120),(1272,1,8,1272),(1273,5,8,123),(1274,2,8,1274),(1275,1,8,1275),(1276,1,8,127),(1277,1,8,1277),(1278,2,8,129),(1279,1,8,1279),(1280,1,8,1280),(1281,1,8,1281),(1282,3,8,792),(1283,1,8,137),(1284,1,8,138),(1285,3,8,1285),(1286,1,8,1286),(1287,1,8,1287),(1288,1,8,1288),(1289,2,8,141),(1290,1,8,144),(1291,2,8,1291),(1292,1,8,145),(1293,2,8,1293),(1294,1,8,1294),(1295,2,8,1295),(1296,1,8,1296),(1297,1,8,148),(1298,1,8,1298),(1299,1,8,1299),(1300,1,8,149),(1301,1,8,153),(1302,1,8,1098),(1303,1,8,157),(1304,2,8,663),(1305,1,8,666),(1306,1,8,1306),(1307,1,8,1307),(1308,1,8,1105),(1309,1,8,1309),(1310,1,8,669),(1311,1,8,1311),(1312,1,8,165),(1313,1,8,814),(1314,1,8,914),(1315,2,8,166),(1316,2,8,1316),(1317,1,8,168),(1318,1,8,1318),(1319,1,8,1319),(1320,8,8,171),(1321,1,8,1321),(1322,1,8,1322),(1323,3,8,175),(1324,1,9,1324),(1325,1,9,1325),(1326,1,9,1326),(1327,1,9,4),(1328,1,9,1328),(1329,1,9,1329),(1330,1,9,1330),(1331,2,9,9),(1332,1,9,1332),(1333,1,9,1137),(1334,2,9,536),(1335,2,9,1335),(1336,1,9,688),(1337,1,9,691),(1338,2,9,15),(1339,1,9,21),(1340,2,9,22),(1341,1,9,23),(1342,1,9,24),(1343,1,9,1343),(1344,1,9,1344),(1345,2,9,1345),(1346,1,9,28),(1347,1,9,31),(1348,1,9,1348),(1349,1,9,32),(1350,1,9,33),(1351,1,9,1351),(1352,1,9,37),(1353,1,9,1171),(1354,1,9,39),(1355,1,9,44),(1356,1,9,1356),(1357,1,9,48),(1358,1,9,1358),(1359,1,9,1359),(1360,1,9,50),(1361,3,9,51),(1362,2,9,53),(1363,1,9,56),(1364,2,9,58),(1365,1,9,60),(1366,1,9,1366),(1367,1,9,64),(1368,2,9,1368),(1369,1,9,1369),(1370,1,9,66),(1371,1,9,888),(1372,1,9,68),(1373,2,9,1373),(1374,1,9,1374),(1375,1,9,73),(1376,1,9,1376),(1377,2,9,1377),(1378,1,9,76),(1379,1,9,593),(1380,1,9,594),(1381,1,9,741),(1382,1,9,78),(1383,1,9,595),(1384,1,9,81),(1385,1,9,745),(1386,1,9,599),(1387,1,9,1387),(1388,1,9,601),(1389,1,9,1389),(1390,1,9,1390),(1391,1,9,756),(1392,2,9,93),(1393,1,9,1393),(1394,1,9,95),(1395,1,9,762),(1396,1,9,1396),(1397,5,9,97),(1398,1,9,1398),(1399,1,9,99),(1400,1,9,1400),(1401,1,9,102),(1402,1,9,1402),(1403,3,9,616),(1404,1,9,1404),(1405,1,9,106),(1406,1,9,1406),(1407,1,9,107),(1408,1,9,108),(1409,1,9,1260),(1410,1,9,1410),(1411,1,9,1262),(1412,1,9,1412),(1413,1,9,1413),(1414,1,9,114),(1415,1,9,1415),(1416,1,9,116),(1417,1,9,119),(1418,1,9,1418),(1419,3,9,123),(1420,1,9,127),(1421,1,9,128),(1422,1,9,1422),(1423,2,9,129),(1424,6,9,132),(1425,1,9,787),(1426,1,9,788),(1427,1,9,1427),(1428,1,9,137),(1429,1,9,138),(1430,1,9,1430),(1431,1,9,1431),(1432,1,9,1432),(1433,1,9,142),(1434,1,9,144),(1435,1,9,145),(1436,1,9,1436),(1437,1,9,1437),(1438,1,9,1295),(1439,1,9,147),(1440,1,9,1440),(1441,1,9,148),(1442,1,9,1442),(1443,1,9,657),(1444,1,9,149),(1445,1,9,1445),(1446,2,9,805),(1447,1,9,1447),(1448,1,9,153),(1449,1,9,1449),(1450,1,9,1450),(1451,1,9,159),(1452,1,9,665),(1453,1,9,668),(1454,1,9,1454),(1455,1,9,669),(1456,1,9,165),(1457,1,9,1457),(1458,1,9,168),(1459,2,9,1459),(1460,1,9,1460),(1461,1,9,1461),(1462,1,9,675),(1463,1,9,169),(1464,6,9,171),(1465,1,9,1465),(1466,1,9,1466),(1467,1,9,1467),(1468,2,9,175),(1469,1,10,1),(1470,1,10,2),(1471,1,10,3),(1472,1,10,4),(1473,1,10,5),(1474,2,10,6),(1475,1,10,7),(1476,1,10,8),(1477,5,10,9),(1478,1,10,10),(1479,3,10,11),(1480,1,10,12),(1481,1,10,13),(1482,1,10,14),(1483,2,10,15),(1484,1,10,16),(1485,1,10,17),(1486,1,10,18),(1487,1,10,19),(1488,1,10,20),(1489,1,10,21),(1490,2,10,22),(1491,1,10,23),(1492,1,10,24),(1493,1,10,25),(1494,2,10,26),(1495,1,10,27),(1496,1,10,28),(1497,1,10,29),(1498,1,10,30),(1499,1,10,31),(1500,1,10,32),(1501,1,10,33),(1502,1,10,34),(1503,1,10,35),(1504,1,10,36),(1505,1,10,37),(1506,1,10,38),(1507,1,10,39),(1508,1,10,40),(1509,1,10,41),(1510,1,10,42),(1511,1,10,43),(1512,1,10,44),(1513,1,10,45),(1514,1,10,46),(1515,1,10,47),(1516,1,10,48),(1517,1,10,49),(1518,1,10,50),(1519,2,10,51),(1520,1,10,52),(1521,2,10,53),(1522,1,10,54),(1523,3,10,55),(1524,1,10,56),(1525,1,10,57),(1526,1,10,58),(1527,3,10,59),(1528,1,10,60),(1529,1,10,61),(1530,1,10,62),(1531,1,10,63),(1532,2,10,64),(1533,1,10,65),(1534,1,10,66),(1535,1,10,67),(1536,1,10,68),(1537,1,10,69),(1538,1,10,70),(1539,1,10,71),(1540,1,10,72),(1541,3,10,73),(1542,1,10,74),(1543,1,10,75),(1544,1,10,76),(1545,1,10,77),(1546,1,10,78),(1547,5,10,79),(1548,4,10,80),(1549,1,10,81),(1550,1,10,82),(1551,2,10,83),(1552,1,10,84),(1553,3,10,85),(1554,1,10,86),(1555,1,10,87),(1556,1,10,88),(1557,3,10,89),(1558,1,10,90),(1559,2,10,91),(1560,1,10,92),(1561,1,10,93),(1562,1,10,94),(1563,1,10,95),(1564,1,10,96),(1565,7,10,97),(1566,1,10,98),(1567,1,10,99),(1568,1,10,100),(1569,1,10,101),(1570,1,10,102),(1571,2,10,103),(1572,1,10,104),(1573,1,10,105),(1574,3,10,106),(1575,3,10,107),(1576,3,10,108),(1577,1,10,109),(1578,1,10,110),(1579,4,10,111),(1580,1,10,112),(1581,1,10,113),(1582,1,10,114),(1583,1,10,115),(1584,2,10,116),(1585,3,10,117),(1586,1,10,118),(1587,1,10,119),(1588,2,10,120),(1589,1,10,121),(1590,1,10,122),(1591,4,10,123),(1592,1,10,124),(1593,1,10,125),(1594,1,10,126),(1595,1,10,127),(1596,2,10,128),(1597,1,10,129),(1598,1,10,130),(1599,1,10,131),(1600,2,10,132),(1601,1,10,133),(1602,1,10,134),(1603,2,10,135),(1604,1,10,136),(1605,1,10,137),(1606,1,10,138),(1607,1,10,139),(1608,1,10,140),(1609,1,10,141),(1610,2,10,142),(1611,1,10,143),(1612,1,10,144),(1613,1,10,145),(1614,1,10,146),(1615,1,10,147),(1616,1,10,148),(1617,1,10,149),(1618,1,10,150),(1619,2,10,151),(1620,1,10,152),(1621,1,10,153),(1622,1,10,154),(1623,1,10,155),(1624,1,10,156),(1625,2,10,157),(1626,1,10,158),(1627,1,10,159),(1628,1,10,160),(1629,1,10,161),(1630,1,10,162),(1631,1,10,163),(1632,1,10,164),(1633,2,10,165),(1634,3,10,166),(1635,1,10,167),(1636,1,10,168),(1637,1,10,169),(1638,3,10,170),(1639,3,10,171),(1640,1,10,172),(1641,1,10,173),(1642,1,10,174),(1643,5,10,175),(1644,1,11,1644),(1645,1,11,1645),(1646,2,11,4),(1647,1,11,1130),(1648,4,11,9),(1649,2,11,536),(1650,1,11,1650),(1651,1,11,1651),(1652,2,11,15),(1653,1,11,21),(1654,2,11,22),(1655,1,11,23),(1656,1,11,24),(1657,1,11,1657),(1658,1,11,1658),(1659,1,11,1156),(1660,1,11,1660),(1661,1,11,1661),(1662,1,11,1662),(1663,1,11,28),(1664,1,11,31),(1665,1,11,1665),(1666,1,11,33),(1667,1,11,37),(1668,1,11,39),(1669,1,11,1669),(1670,1,11,1670),(1671,1,11,44),(1672,1,11,564),(1673,1,11,715),(1674,1,11,1674),(1675,1,11,1675),(1676,1,11,50),(1677,1,11,51),(1678,1,11,1678),(1679,2,11,53),(1680,1,11,1680),(1681,2,11,1681),(1682,1,11,56),(1683,2,11,58),(1684,1,11,60),(1685,1,11,1685),(1686,1,11,575),(1687,1,11,1687),(1688,1,11,1688),(1689,4,11,64),(1690,1,11,1690),(1691,1,11,1691),(1692,1,11,1085),(1693,1,11,1693),(1694,1,11,993),(1695,1,11,66),(1696,1,11,68),(1697,1,11,725),(1698,2,11,73),(1699,1,11,1699),(1700,1,11,1700),(1701,1,11,76),(1702,1,11,1702),(1703,1,11,593),(1704,1,11,78),(1705,1,11,79),(1706,1,11,1706),(1707,1,11,1707),(1708,1,11,81),(1709,1,11,747),(1710,1,11,1710),(1711,1,11,749),(1712,1,11,1712),(1713,1,11,1713),(1714,1,11,917),(1715,1,11,92),(1716,1,11,93),(1717,1,11,757),(1718,1,11,1718),(1719,1,11,1719),(1720,1,11,96),(1721,9,11,97),(1722,1,11,99),(1723,1,11,100),(1724,1,11,1724),(1725,1,11,102),(1726,1,11,1726),(1727,1,11,616),(1728,2,11,106),(1729,1,11,1729),(1730,1,11,1730),(1731,2,11,766),(1732,1,11,1732),(1733,1,11,108),(1734,1,11,107),(1735,1,11,1735),(1736,1,11,622),(1737,2,11,111),(1738,1,11,1262),(1739,1,11,1739),(1740,1,11,114),(1741,1,11,1741),(1742,1,11,626),(1743,1,11,624),(1744,2,11,116),(1745,2,11,777),(1746,1,11,776),(1747,2,11,630),(1748,1,11,119),(1749,1,11,1749),(1750,1,11,1750),(1751,1,11,1751),(1752,5,11,123),(1753,1,11,126),(1754,1,11,127),(1755,1,11,1755),(1756,1,11,128),(1757,2,11,129),(1758,1,11,130),(1759,3,11,132),(1760,1,11,135),(1761,1,11,643),(1762,1,11,137),(1763,1,11,1763),(1764,1,11,1764),(1765,1,11,138),(1766,1,11,1766),(1767,1,11,1767),(1768,1,11,142),(1769,1,11,143),(1770,1,11,1770),(1771,1,11,1771),(1772,1,11,144),(1773,1,11,145),(1774,1,11,147),(1775,1,11,148),(1776,1,11,1776),(1777,1,11,149),(1778,1,11,1778),(1779,1,11,151),(1780,2,11,150),(1781,1,11,153),(1782,1,11,1782),(1783,1,11,1783),(1784,1,11,661),(1785,1,11,1785),(1786,4,11,1786),(1787,1,11,809),(1788,1,11,1105),(1789,1,11,1789),(1790,1,11,1790),(1791,1,11,1791),(1792,1,11,1792),(1793,1,11,1793),(1794,1,11,165),(1795,1,11,1795),(1796,1,11,1796),(1797,1,11,168),(1798,1,11,1798),(1799,1,11,169),(1800,1,11,1800),(1801,3,11,171),(1802,2,11,676),(1803,1,11,1803),(1804,1,11,1804),(1805,4,11,175),(1806,1,12,1806),(1807,1,12,2),(1808,1,12,531),(1809,1,12,1130),(1810,1,12,1810),(1811,1,12,535),(1812,1,12,536),(1813,1,12,14),(1814,1,12,1814),(1815,2,12,1815),(1816,1,12,1816),(1817,1,12,952),(1818,1,12,1818),(1819,2,12,1819),(1820,1,12,1820),(1821,1,12,1821),(1822,2,12,1158),(1823,5,12,547),(1824,1,12,1824),(1825,4,12,1825),(1826,1,12,1826),(1827,3,12,1344),(1828,2,12,1828),(1829,1,12,1829),(1830,1,12,967),(1831,2,12,1831),(1832,2,12,556),(1833,5,12,558),(1834,1,12,1834),(1835,1,12,561),(1836,4,12,42),(1837,1,12,1837),(1838,1,12,563),(1839,1,12,1839),(1840,1,12,1840),(1841,2,12,47),(1842,1,12,1185),(1843,5,12,1843),(1844,1,12,1844),(1845,2,12,1845),(1846,2,12,55),(1847,3,12,56),(1848,1,12,1848),(1849,5,12,1849),(1850,1,12,1850),(1851,2,12,64),(1852,1,12,1852),(1853,2,12,579),(1854,1,12,1854),(1855,1,12,1855),(1856,1,12,1856),(1857,1,12,589),(1858,1,12,1219),(1859,1,12,1859),(1860,2,12,1860),(1861,1,12,594),(1862,3,12,596),(1863,1,12,1863),(1864,2,12,1864),(1865,1,12,1230),(1866,1,12,1866),(1867,3,12,1867),(1868,2,12,1868),(1869,1,12,1869),(1870,1,12,1870),(1871,1,12,1871),(1872,1,12,613),(1873,16,12,610),(1874,11,12,97),(1875,1,12,100),(1876,2,12,101),(1877,1,12,1877),(1878,9,12,1246),(1879,1,12,1879),(1880,1,12,1880),(1881,1,12,1881),(1882,3,12,1882),(1883,1,12,1883),(1884,9,12,108),(1885,2,12,622),(1886,3,12,1886),(1887,2,12,1413),(1888,1,12,1888),(1889,1,12,120),(1890,1,12,1890),(1891,15,12,128),(1892,4,12,1892),(1893,1,12,1893),(1894,2,12,132),(1895,1,12,1763),(1896,1,12,1896),(1897,1,12,1897),(1898,1,12,1898),(1899,1,12,1899),(1900,5,12,142),(1901,1,12,1901),(1902,1,12,1902),(1903,2,12,1903),(1904,1,12,1904),(1905,1,12,1294),(1906,1,12,1906),(1907,1,12,1295),(1908,2,12,1440),(1909,1,12,1909),(1910,2,12,657),(1911,1,12,151),(1912,1,12,1912),(1913,1,12,1913),(1914,1,12,662),(1915,1,12,1915),(1916,1,12,1101),(1917,1,12,666),(1918,1,12,1918),(1919,4,12,1919),(1920,1,12,1920),(1921,1,12,1921),(1922,1,12,669),(1923,1,12,1923),(1924,1,12,675),(1925,1,12,1925),(1926,1,12,1321),(1927,1,12,1927),(1928,1,12,1928),(1929,1,12,1929),(1930,2,12,1131),(1931,3,12,1931),(1932,11,12,9),(1933,2,12,934),(1934,7,12,1332),(1935,1,12,1935),(1936,2,12,1936),(1937,1,12,1937),(1938,2,12,691),(1939,1,12,16),(1940,1,12,1940),(1941,1,12,1941),(1942,1,12,1942),(1943,2,12,1943),(1944,1,12,1944),(1945,2,12,1945),(1946,1,12,1946),(1947,1,12,1170),(1948,2,12,1948),(1949,1,12,1949),(1950,1,12,1950),(1951,1,12,714),(1952,1,12,1356),(1953,2,12,1953),(1954,1,12,1674),(1955,1,12,1955),(1956,1,12,1956),(1957,3,12,875),(1958,4,12,1193),(1959,1,12,881),(1960,1,12,1960),(1961,2,12,1961),(1962,7,12,1962),(1963,2,12,1687),(1964,2,12,1964),(1965,1,12,1965),(1966,1,12,1966),(1967,1,12,1967),(1968,2,12,723),(1969,1,12,1969),(1970,1,12,1970),(1971,2,12,1971),(1972,1,12,1972),(1973,1,12,734),(1974,2,12,1974),(1975,2,12,906),(1976,1,12,1976),(1977,1,12,1977),(1978,2,12,1220),(1979,1,12,907),(1980,3,12,741),(1981,1,12,1981),(1982,1,12,1982),(1983,2,12,1983),(1984,4,12,1984),(1985,2,12,1985),(1986,1,12,1986),(1987,1,12,1987),(1988,1,12,1988),(1989,4,12,754),(1990,1,12,92),(1991,1,12,1991),(1992,1,12,1992),(1993,1,12,1993),(1994,1,12,1994),(1995,1,12,96),(1996,1,12,762),(1997,1,12,1997),(1998,1,12,1998),(1999,1,12,103),(2000,1,12,2000),(2001,1,12,836),(2002,1,12,1402),(2003,1,12,2003),(2004,1,12,2004),(2005,1,12,2005),(2006,1,12,2006),(2007,1,12,2007),(2008,1,12,1259),(2009,1,12,1260),(2010,1,12,2010),(2011,2,12,2011),(2012,1,12,2012),(2013,6,12,2013),(2014,2,12,2014),(2015,1,12,119),(2016,4,12,779),(2017,1,12,2017),(2018,1,12,2018),(2019,3,12,123),(2020,1,12,2020),(2021,3,12,781),(2022,2,12,1277),(2023,2,12,2023),(2024,4,12,2024),(2025,7,12,2025),(2026,3,12,131),(2027,1,12,2027),(2028,3,12,2028),(2029,1,12,2029),(2030,1,12,136),(2031,1,12,2031),(2032,1,12,2032),(2033,1,12,1288),(2034,1,12,2034),(2035,1,12,893),(2036,1,12,2036),(2037,1,12,803),(2038,1,12,896),(2039,1,12,2039),(2040,2,12,2040),(2041,1,12,1098),(2042,1,12,2042),(2043,2,12,1786),(2044,1,12,2044),(2045,3,12,1105),(2046,2,12,1789),(2047,3,12,2047),(2048,4,12,2048),(2049,3,12,163),(2050,1,12,165),(2051,1,12,2051),(2052,1,12,2052),(2053,7,12,812),(2054,3,12,814),(2055,1,12,2055),(2056,1,12,2056),(2057,1,12,2057),(2058,2,12,2058),(2059,1,12,2059),(2060,1,12,2060),(2061,2,12,2061),(2062,1,12,2062),(2063,2,12,1126),(2064,9,12,4),(2065,1,12,2065),(2066,1,12,2066),(2067,1,12,2067),(2068,1,12,2068),(2069,1,12,2069),(2070,4,12,2070),(2071,1,12,2071),(2072,1,12,1138),(2073,3,12,2073),(2074,1,12,2074),(2075,1,12,2075),(2076,1,12,2076),(2077,2,12,2077),(2078,1,12,2078),(2079,1,12,1660),(2080,2,12,1053),(2081,9,12,548),(2082,2,12,2082),(2083,1,12,2083),(2084,1,12,856),(2085,1,12,1062),(2086,1,12,2086),(2087,1,12,2087),(2088,2,12,39),(2089,5,12,1177),(2090,6,12,564),(2091,1,12,2091),(2092,2,12,2092),(2093,1,12,2093),(2094,6,12,2094),(2095,3,12,2095),(2096,4,12,1681),(2097,7,12,573),(2098,5,12,58),(2099,3,12,2099),(2100,4,12,2100),(2101,2,12,2101),(2102,1,12,2102),(2103,1,12,2103),(2104,1,12,2104),(2105,8,12,1085),(2106,1,12,2106),(2107,1,12,2107),(2108,1,12,2108),(2109,1,12,2109),(2110,2,12,2110),(2111,1,12,2111),(2112,1,12,2112),(2113,1,12,585),(2114,1,12,1010),(2115,1,12,2115),(2116,1,12,2116),(2117,1,12,2117),(2118,50,12,2118),(2119,1,12,2119),(2120,2,12,917),(2121,1,12,601),(2122,1,12,2122),(2123,1,12,2123),(2124,2,12,603),(2125,1,12,2125),(2126,1,12,2126),(2127,1,12,2127),(2128,2,12,2128),(2129,1,12,2129),(2130,2,12,2130),(2131,1,12,2131),(2132,6,12,1726),(2133,1,12,1042),(2134,1,12,2134),(2135,1,12,2135),(2136,1,12,2136),(2137,1,12,2137),(2138,3,12,2138),(2139,1,12,2139),(2140,1,12,2140),(2141,1,12,2141),(2142,1,12,2142),(2143,1,12,1272),(2144,3,12,125),(2145,1,12,2145),(2146,1,12,2146),(2147,2,12,2147),(2148,2,12,1755),(2149,2,12,126),(2150,6,12,2150),(2151,10,12,130),(2152,1,12,2152),(2153,1,12,2153),(2154,1,12,2154),(2155,3,12,643),(2156,1,12,645),(2157,2,12,2157),(2158,7,12,1764),(2159,1,12,2159),(2160,2,12,2160),(2161,11,12,141),(2162,1,12,2162),(2163,1,12,2163),(2164,1,12,890),(2165,1,12,2165),(2166,1,12,2166),(2167,1,12,1782),(2168,1,12,661),(2169,2,12,156),(2170,1,12,1785),(2171,1,12,2171),(2172,2,12,2172),(2173,1,12,2173),(2174,2,12,2174),(2175,1,12,2175),(2176,1,12,2176),(2177,1,12,668),(2178,1,12,2178),(2179,3,12,166),(2180,2,12,2180),(2181,1,12,2181),(2182,2,12,2182),(2183,9,12,2183),(2184,1,12,2184),(2185,1,12,2185),(2186,2,12,2186),(2187,1,12,2187),(2188,1,12,2188),(2189,2,12,169),(2190,2,12,2190),(2191,3,12,2191),(2192,1,12,2192),(2193,1,12,1804),(2194,1,12,2194),(2195,17,12,175),(2196,1,12,1033),(2197,1,12,1034),(2198,3,12,2198),(2199,1,12,2199),(2200,1,12,2200),(2201,2,12,681),(2202,1,12,2202),(2203,2,12,682),(2204,1,12,2204),(2205,1,12,1330),(2206,1,12,2206),(2207,6,12,684),(2208,1,12,1137),(2209,1,12,2209),(2210,1,12,2210),(2211,1,12,693),(2212,1,12,2212),(2213,1,12,947),(2214,1,12,2214),(2215,1,12,2215),(2216,1,12,2216),(2217,1,12,2217),(2218,1,12,1156),(2219,2,12,700),(2220,2,12,2220),(2221,3,12,2221),(2222,1,12,2222),(2223,1,12,2223),(2224,1,12,2224),(2225,1,12,2225),(2226,3,12,2226),(2227,7,12,2227),(2228,1,12,2228),(2229,1,12,2229),(2230,2,12,715),(2231,1,12,2231),(2232,1,12,2232),(2233,1,12,2233),(2234,1,12,1359),(2235,1,12,2235),(2236,1,12,2236),(2237,1,12,2237),(2238,2,12,2238),(2239,1,12,2239),(2240,1,12,2240),(2241,1,12,2241),(2242,2,12,721),(2243,1,12,2243),(2244,6,12,2244),(2245,5,12,892),(2246,2,12,2246),(2247,2,12,2247),(2248,1,12,2248),(2249,1,12,2249),(2250,2,12,735),(2251,2,12,2251),(2252,1,12,1216),(2253,1,12,1111),(2254,1,12,2254),(2255,2,12,745),(2256,1,12,747),(2257,2,12,1387),(2258,1,12,2258),(2259,2,12,2259),(2260,1,12,751),(2261,1,12,2261),(2262,2,12,756),(2263,4,12,757),(2264,1,12,1400),(2265,1,12,2265),(2266,1,12,764),(2267,4,12,1252),(2268,3,12,2268),(2269,2,12,2269),(2270,6,12,107),(2271,2,12,771),(2272,4,12,2272),(2273,1,12,2273),(2274,1,12,2274),(2275,1,12,2275),(2276,3,12,1262),(2277,1,12,1412),(2278,14,12,1265),(2279,3,12,774),(2280,1,12,2280),(2281,2,12,2281),(2282,1,12,2282),(2283,1,12,2283),(2284,1,12,2284),(2285,1,12,1068),(2286,1,12,2286),(2287,1,12,2287),(2288,1,12,2288),(2289,1,12,2289),(2290,1,12,1427),(2291,14,12,135),(2292,5,12,792),(2293,3,12,1075),(2294,1,12,2294),(2295,1,12,2295),(2296,1,12,1079),(2297,1,12,1084),(2298,2,12,2298),(2299,2,12,144),(2300,1,12,2300),(2301,1,12,2301),(2302,1,12,2302),(2303,2,12,805),(2304,1,12,2304),(2305,2,12,2305),(2306,1,12,809),(2307,1,12,2307),(2308,1,12,2308),(2309,1,12,2309),(2310,1,12,2310),(2311,1,12,816),(2312,1,12,2312),(2313,1,12,2313),(2314,2,12,1460),(2315,3,12,1459),(2316,1,12,820),(2317,2,12,2317),(2318,1,12,2318),(2319,1,12,2319),(2320,3,12,2320),(2321,2,12,2321),(2322,1,13,1120),(2323,1,13,2323),(2324,1,13,1034),(2325,1,13,2325),(2326,2,13,2),(2327,1,13,924),(2328,1,13,2328),(2329,1,13,2200),(2330,1,13,4),(2331,1,13,1931),(2332,2,13,9),(2333,1,13,1332),(2334,1,13,686),(2335,3,13,2335),(2336,1,13,2336),(2337,1,13,2337),(2338,1,13,2338),(2339,1,13,12),(2340,1,13,689),(2341,1,13,1138),(2342,2,13,15),(2343,1,13,2343),(2344,4,13,2344),(2345,1,13,1048),(2346,1,13,21),(2347,2,13,22),(2348,1,13,23),(2349,1,13,24),(2350,1,13,2350),(2351,1,13,26),(2352,1,13,2352),(2353,1,13,1053),(2354,1,13,547),(2355,1,13,2355),(2356,1,13,1158),(2357,1,13,700),(2358,1,13,2221),(2359,1,13,2359),(2360,1,13,28),(2361,2,13,2361),(2362,1,13,31),(2363,1,13,856),(2364,1,13,2364),(2365,4,13,2365),(2366,1,13,2366),(2367,1,13,33),(2368,2,13,2368),(2369,1,13,37),(2370,1,13,39),(2371,1,13,2371),(2372,1,13,2372),(2373,1,13,1174),(2374,1,13,1175),(2375,1,13,2375),(2376,1,13,711),(2377,1,13,1949),(2378,1,13,42),(2379,1,13,44),(2380,1,13,2380),(2381,1,13,2381),(2382,1,13,716),(2383,1,13,2383),(2384,3,13,2384),(2385,1,13,566),(2386,1,13,2386),(2387,1,13,2092),(2388,1,13,2388),(2389,1,13,50),(2390,2,13,53),(2391,1,13,56),(2392,1,13,60),(2393,1,13,575),(2394,1,13,720),(2395,1,13,576),(2396,1,13,2396),(2397,1,13,1850),(2398,2,13,2398),(2399,6,13,2399),(2400,1,13,2400),(2401,4,13,64),(2402,1,13,2402),(2403,1,13,2108),(2404,1,13,66),(2405,1,13,723),(2406,1,13,68),(2407,1,13,725),(2408,1,13,73),(2409,1,13,1210),(2410,1,13,1010),(2411,1,13,586),(2412,1,13,2412),(2413,1,13,2413),(2414,1,13,74),(2415,1,13,75),(2416,1,13,735),(2417,1,13,76),(2418,1,13,2418),(2419,1,13,906),(2420,1,13,2420),(2421,1,13,77),(2422,1,13,737),(2423,1,13,2423),(2424,1,13,2424),(2425,2,13,2425),(2426,1,13,740),(2427,1,13,78),(2428,1,13,2428),(2429,1,13,81),(2430,1,13,2430),(2431,1,13,749),(2432,1,13,2432),(2433,1,13,2433),(2434,1,13,1230),(2435,3,13,2435),(2436,1,13,2259),(2437,1,13,2437),(2438,1,13,2438),(2439,1,13,96),(2440,15,13,762),(2441,10,13,97),(2442,1,13,99),(2443,1,13,2443),(2444,1,13,764),(2445,1,13,2445),(2446,1,13,102),(2447,1,13,2447),(2448,1,13,2448),(2449,1,13,615),(2450,1,13,106),(2451,2,13,617),(2452,1,13,2452),(2453,1,13,766),(2454,1,13,2454),(2455,1,13,767),(2456,1,13,2456),(2457,1,13,2457),(2458,1,13,2458),(2459,1,13,108),(2460,1,13,107),(2461,1,13,621),(2462,1,13,2462),(2463,1,13,2463),(2464,1,13,1261),(2465,1,13,1052),(2466,2,13,2466),(2467,1,13,114),(2468,1,13,2468),(2469,2,13,624),(2470,1,13,1888),(2471,1,13,777),(2472,1,13,2472),(2473,2,13,776),(2474,1,13,118),(2475,1,13,630),(2476,1,13,2280),(2477,3,13,2477),(2478,1,13,120),(2479,1,13,119),(2480,1,13,779),(2481,2,13,122),(2482,1,13,123),(2483,3,13,124),(2484,1,13,857),(2485,1,13,127),(2486,3,13,1755),(2487,2,13,126),(2488,2,13,2488),(2489,2,13,2489),(2490,1,13,2490),(2491,1,13,128),(2492,1,13,637),(2493,1,13,2493),(2494,2,13,129),(2495,2,13,130),(2496,1,13,2496),(2497,1,13,868),(2498,1,13,785),(2499,1,13,2499),(2500,6,13,132),(2501,1,13,2501),(2502,1,13,787),(2503,1,13,135),(2504,2,13,792),(2505,1,13,137),(2506,1,13,643),(2507,8,13,2507),(2508,1,13,138),(2509,1,13,1285),(2510,1,13,2510),(2511,1,13,2511),(2512,3,13,2295),(2513,1,13,1287),(2514,1,13,2514),(2515,1,13,2515),(2516,1,13,142),(2517,2,13,2517),(2518,1,13,144),(2519,1,13,145),(2520,1,13,1294),(2521,2,13,2521),(2522,1,13,147),(2523,1,13,2523),(2524,1,13,148),(2525,1,13,149),(2526,1,13,151),(2527,2,13,150),(2528,1,13,153),(2529,1,13,2529),(2530,1,13,1785),(2531,1,13,1915),(2532,1,13,809),(2533,1,13,665),(2534,1,13,2534),(2535,1,13,1919),(2536,1,13,2536),(2537,1,13,2537),(2538,1,13,165),(2539,1,13,913),(2540,1,13,672),(2541,1,13,2541),(2542,1,13,168),(2543,1,13,676),(2544,3,13,171),(2545,5,13,2545),(2546,1,13,2546),(2547,1,13,2547),(2548,11,13,175),(2549,1,14,679),(2550,1,14,2550),(2551,1,14,92),(2552,1,14,2552),(2553,1,14,2261),(2554,1,14,2554),(2555,1,14,4),(2556,4,14,97),(2557,1,14,100),(2558,1,14,1724),(2559,1,14,99),(2560,1,14,101),(2561,1,14,102),(2562,1,14,104),(2563,1,14,2563),(2564,4,14,9),(2565,1,14,616),(2566,1,14,106),(2567,1,14,938),(2568,1,14,2568),(2569,1,14,2569),(2570,2,14,766),(2571,1,14,2454),(2572,2,14,15),(2573,1,14,2573),(2574,1,14,108),(2575,1,14,107),(2576,1,14,947),(2577,1,14,21),(2578,2,14,22),(2579,1,14,23),(2580,1,14,111),(2581,1,14,24),(2582,2,14,26),(2583,1,14,2583),(2584,1,14,1412),(2585,1,14,114),(2586,1,14,2586),(2587,1,14,2587),(2588,1,14,117),(2589,1,14,776),(2590,1,14,28),(2591,1,14,2591),(2592,1,14,2592),(2593,1,14,2593),(2594,1,14,119),(2595,1,14,31),(2596,1,14,550),(2597,1,14,123),(2598,1,14,2598),(2599,1,14,125),(2600,1,14,2600),(2601,1,14,33),(2602,2,14,1755),(2603,1,14,127),(2604,1,14,37),(2605,1,14,39),(2606,1,14,556),(2607,1,14,128),(2608,1,14,2608),(2609,2,14,129),(2610,1,14,44),(2611,1,14,2611),(2612,1,14,2233),(2613,1,14,132),(2614,1,14,2501),(2615,1,14,1674),(2616,1,14,50),(2617,2,14,51),(2618,1,14,135),(2619,2,14,53),(2620,3,14,875),(2621,1,14,137),(2622,1,14,56),(2623,2,14,58),(2624,1,14,60),(2625,1,14,138),(2626,1,14,2626),(2627,2,14,2627),(2628,1,14,2628),(2629,1,14,2629),(2630,1,14,64),(2631,1,14,142),(2632,1,14,2632),(2633,1,14,144),(2634,1,14,66),(2635,1,14,145),(2636,1,14,1205),(2637,1,14,68),(2638,2,14,2638),(2639,1,14,147),(2640,1,14,727),(2641,1,14,148),(2642,1,14,896),(2643,1,14,73),(2644,1,14,149),(2645,1,14,153),(2646,1,14,1010),(2647,1,14,661),(2648,1,14,2648),(2649,1,14,74),(2650,1,14,76),(2651,2,14,1105),(2652,1,14,162),(2653,1,14,78),(2654,1,14,165),(2655,1,14,81),(2656,1,14,2656),(2657,1,14,816),(2658,1,14,168),(2659,1,14,1460),(2660,1,14,1115),(2661,1,14,169),(2662,5,14,171),(2663,1,14,173),(2664,1,14,2664),(2665,4,14,175),(2666,1,15,679),(2667,1,15,924),(2668,1,15,2668),(2669,1,15,5),(2670,1,15,2670),(2671,1,15,680),(2672,1,15,832),(2673,1,15,1130),(2674,2,15,533),(2675,1,15,682),(2676,2,15,9),(2677,1,15,536),(2678,1,15,2338),(2679,1,15,688),(2680,1,15,2680),(2681,1,15,2681),(2682,2,15,15),(2683,1,15,2683),(2684,1,15,21),(2685,2,15,22),(2686,1,15,23),(2687,1,15,24),(2688,1,15,2688),(2689,2,15,851),(2690,1,15,28),(2691,1,15,31),(2692,1,15,1161),(2693,1,15,2693),(2694,1,15,33),(2695,1,15,2695),(2696,1,15,37),(2697,1,15,39),(2698,1,15,711),(2699,1,15,42),(2700,1,15,44),(2701,1,15,1675),(2702,2,15,2233),(2703,1,15,2703),(2704,1,15,50),(2705,2,15,53),(2706,3,15,875),(2707,1,15,56),(2708,1,15,1193),(2709,1,15,60),(2710,2,15,881),(2711,1,15,2711),(2712,1,15,2712),(2713,1,15,64),(2714,1,15,2714),(2715,1,15,1691),(2716,1,15,2716),(2717,1,15,2717),(2718,1,15,2718),(2719,2,15,65),(2720,1,15,66),(2721,1,15,2721),(2722,1,15,68),(2723,1,15,583),(2724,2,15,726),(2725,1,15,73),(2726,1,15,1006),(2727,1,15,1212),(2728,1,15,1010),(2729,1,15,2729),(2730,1,15,735),(2731,1,15,1216),(2732,1,15,76),(2733,1,15,906),(2734,5,15,907),(2735,1,15,78),(2736,1,15,80),(2737,1,15,596),(2738,1,15,81),(2739,1,15,2739),(2740,2,15,915),(2741,1,15,2741),(2742,2,15,917),(2743,1,15,2743),(2744,1,15,2744),(2745,1,15,91),(2746,4,15,97),(2747,1,15,99),(2748,1,15,2748),(2749,1,15,2749),(2750,1,15,102),(2751,2,15,836),(2752,1,15,840),(2753,1,15,106),(2754,1,15,2754),(2755,3,15,107),(2756,1,15,108),(2757,1,15,2757),(2758,1,15,2758),(2759,1,15,114),(2760,2,15,115),(2761,1,15,2761),(2762,1,15,2013),(2763,1,15,117),(2764,2,15,2764),(2765,1,15,2280),(2766,1,15,119),(2767,2,15,123),(2768,1,15,2768),(2769,2,15,781),(2770,1,15,127),(2771,1,15,2488),(2772,1,15,128),(2773,2,15,2773),(2774,2,15,129),(2775,1,15,2775),(2776,1,15,132),(2777,3,15,787),(2778,1,15,135),(2779,1,15,137),(2780,1,15,645),(2781,1,15,1075),(2782,1,15,1764),(2783,1,15,138),(2784,1,15,2784),(2785,1,15,141),(2786,1,15,142),(2787,1,15,144),(2788,1,15,145),(2789,1,15,2789),(2790,1,15,2790),(2791,1,15,147),(2792,1,15,148),(2793,1,15,896),(2794,1,15,2794),(2795,2,15,1776),(2796,1,15,2796),(2797,1,15,149),(2798,1,15,153),(2799,1,15,666),(2800,1,15,2800),(2801,1,15,2174),(2802,1,15,162),(2803,2,15,667),(2804,1,15,165),(2805,1,15,164),(2806,1,15,168),(2807,1,15,2186),(2808,1,15,2808),(2809,1,15,675),(2810,3,15,171),(2811,1,15,2811),(2812,3,15,175),(2813,1,16,2813),(2814,2,16,2814),(2815,1,16,1130),(2816,1,16,682),(2817,2,16,9),(2818,1,16,2818),(2819,1,16,2819),(2820,1,16,933),(2821,2,16,2821),(2822,2,16,2822),(2823,1,16,2823),(2824,1,16,2824),(2825,1,16,2825),(2826,2,16,15),(2827,1,16,16),(2828,1,16,21),(2829,2,16,22),(2830,1,16,23),(2831,1,16,1150),(2832,1,16,697),(2833,1,16,2833),(2834,1,16,24),(2835,1,16,2835),(2836,1,16,2836),(2837,1,16,700),(2838,1,16,2838),(2839,1,16,28),(2840,1,16,2840),(2841,1,16,31),(2842,1,16,550),(2843,1,16,551),(2844,1,16,33),(2845,1,16,37),(2846,1,16,39),(2847,1,16,711),(2848,1,16,1177),(2849,1,16,44),(2850,2,16,2850),(2851,1,16,1675),(2852,1,16,2852),(2853,1,16,50),(2854,1,16,51),(2855,2,16,53),(2856,1,16,55),(2857,1,16,56),(2858,1,16,2858),(2859,1,16,60),(2860,1,16,2860),(2861,1,16,2861),(2862,1,16,2862),(2863,1,16,2863),(2864,1,16,64),(2865,1,16,2865),(2866,1,16,2716),(2867,1,16,2867),(2868,1,16,2868),(2869,1,16,66),(2870,2,16,888),(2871,1,16,2871),(2872,1,16,68),(2873,1,16,724),(2874,1,16,73),(2875,1,16,1212),(2876,1,16,2115),(2877,1,16,75),(2878,2,16,2878),(2879,1,16,2879),(2880,2,16,76),(2881,1,16,591),(2882,1,16,2882),(2883,1,16,78),(2884,1,16,81),(2885,1,16,1864),(2886,1,16,2433),(2887,2,16,1985),(2888,1,16,2888),(2889,1,16,2889),(2890,1,16,2890),(2891,1,16,762),(2892,3,16,97),(2893,1,16,2893),(2894,1,16,99),(2895,1,16,2749),(2896,1,16,102),(2897,1,16,106),(2898,3,16,2898),(2899,1,16,843),(2900,1,16,2900),(2901,1,16,108),(2902,1,16,107),(2903,1,16,2903),(2904,1,16,1261),(2905,1,16,1263),(2906,1,16,1412),(2907,1,16,1265),(2908,1,16,114),(2909,1,16,119),(2910,1,16,127),(2911,1,16,2911),(2912,1,16,2912),(2913,1,16,128),(2914,3,16,2914),(2915,2,16,129),(2916,1,16,2496),(2917,1,16,2917),(2918,1,16,787),(2919,1,16,136),(2920,2,16,792),(2921,1,16,137),(2922,1,16,793),(2923,1,16,138),(2924,1,16,2924),(2925,1,16,2925),(2926,1,16,797),(2927,1,16,2927),(2928,1,16,141),(2929,2,16,142),(2930,1,16,2930),(2931,1,16,143),(2932,1,16,2932),(2933,2,16,2933),(2934,1,16,2934),(2935,1,16,144),(2936,1,16,145),(2937,1,16,2300),(2938,1,16,147),(2939,1,16,2939),(2940,1,16,148),(2941,1,16,2941),(2942,1,16,149),(2943,1,16,2943),(2944,1,16,153),(2945,1,16,2945),(2946,1,16,2946),(2947,1,16,2947),(2948,2,16,809),(2949,10,16,1786),(2950,1,16,2047),(2951,1,16,165),(2952,1,16,2952),(2953,1,16,168),(2954,1,16,2313),(2955,1,16,2955),(2956,1,16,2956),(2957,3,16,171),(2958,1,16,1319),(2959,1,16,1804),(2960,1,16,2960),(2961,1,16,2961),(2962,1,16,2962),(2963,5,16,175),(2964,1,16,2964),(2965,1,17,91),(2966,1,17,1),(2967,2,17,827),(2968,2,17,2968),(2969,2,17,97),(2970,1,17,99),(2971,1,17,682),(2972,1,17,930),(2973,1,17,2973),(2974,1,17,102),(2975,1,17,1132),(2976,3,17,684),(2977,1,17,9),(2978,1,17,2978),(2979,1,17,8),(2980,1,17,106),(2981,1,17,10),(2982,1,17,2982),(2983,2,17,15),(2984,1,17,2984),(2985,1,17,2985),(2986,1,17,2138),(2987,1,17,21),(2988,2,17,22),(2989,1,17,23),(2990,1,17,2990),(2991,1,17,24),(2992,2,17,26),(2993,2,17,2217),(2994,1,17,2994),(2995,1,17,2995),(2996,1,17,2688),(2997,1,17,114),(2998,1,17,548),(2999,1,17,28),(3000,1,17,119),(3001,1,17,31),(3002,1,17,3002),(3003,1,17,123),(3004,1,17,1829),(3005,1,17,3005),(3006,1,17,33),(3007,1,17,127),(3008,1,17,37),(3009,10,17,39),(3010,1,17,3010),(3011,1,17,3011),(3012,1,17,128),(3013,1,17,558),(3014,1,17,129),(3015,2,17,711),(3016,5,17,2025),(3017,1,17,132),(3018,1,17,1181),(3019,1,17,50),(3020,2,17,53),(3021,1,17,137),(3022,1,17,3022),(3023,1,17,1075),(3024,3,17,56),(3025,1,17,60),(3026,1,17,138),(3027,1,17,2784),(3028,2,17,2238),(3029,1,17,64),(3030,1,17,144),(3031,1,17,3031),(3032,1,17,66),(3033,1,17,145),(3034,1,17,3034),(3035,2,17,1294),(3036,1,17,892),(3037,1,17,803),(3038,1,17,68),(3039,1,17,147),(3040,1,17,148),(3041,1,17,73),(3042,1,17,149),(3043,1,17,3043),(3044,1,17,3044),(3045,1,17,152),(3046,1,17,153),(3047,1,17,3047),(3048,3,17,3048),(3049,1,17,3049),(3050,1,17,76),(3051,1,17,593),(3052,1,17,78),(3053,2,17,79),(3054,1,17,165),(3055,1,17,595),(3056,1,17,164),(3057,1,17,3057),(3058,1,17,81),(3059,1,17,3059),(3060,2,17,3060),(3061,1,17,3061),(3062,1,17,168),(3063,1,17,3063),(3064,1,17,3064),(3065,3,17,601),(3066,3,17,171),(3067,1,17,3067),(3068,1,17,822),(3069,1,17,3069),(3070,2,17,3070),(3071,2,17,175),(3072,1,18,3072),(3073,1,18,3073),(3074,1,18,1035),(3075,1,18,3075),(3076,1,18,3076),(3077,1,18,3077),(3078,4,18,97),(3079,1,18,3079),(3080,1,18,3080),(3081,1,18,682),(3082,3,18,3082),(3083,1,18,9),(3084,1,18,1042),(3085,1,18,1332),(3086,1,18,106),(3087,1,18,3087),(3088,1,18,3088),(3089,2,18,3089),(3090,1,18,2272),(3091,1,18,548),(3092,1,18,626),(3093,1,18,114),(3094,2,18,3094),(3095,2,18,3095),(3096,1,18,627),(3097,1,18,2082),(3098,1,18,3098),(3099,1,18,2365),(3100,1,18,2282),(3101,1,18,1063),(3102,1,18,706),(3103,1,18,1948),(3104,2,18,1068),(3105,1,18,558),(3106,4,18,128),(3107,1,18,130),(3108,2,18,711),(3109,1,18,3109),(3110,1,18,3110),(3111,3,18,2025),(3112,1,18,2231),(3113,1,18,3113),(3114,3,18,875),(3115,2,18,3115),(3116,1,18,3116),(3117,1,18,1075),(3118,1,18,3118),(3119,1,18,1196),(3120,1,18,720),(3121,1,18,64),(3122,2,18,141),(3123,1,18,1083),(3124,1,18,3124),(3125,1,18,3125),(3126,1,18,144),(3127,1,18,579),(3128,1,18,145),(3129,1,18,3129),(3130,1,18,1295),(3131,1,18,3131),(3132,1,18,147),(3133,1,18,3133),(3134,1,18,73),(3135,1,18,2302),(3136,1,18,2040),(3137,1,18,3137),(3138,1,18,1010),(3139,1,18,3139),(3140,1,18,1786),(3141,1,18,735),(3142,1,18,666),(3143,3,18,3143),(3144,1,18,1105),(3145,1,18,3145),(3146,4,18,1919),(3147,1,18,668),(3148,1,18,78),(3149,2,18,165),(3150,1,18,812),(3151,1,18,166),(3152,1,18,3152),(3153,1,18,3153),(3154,1,18,3154),(3155,1,18,3155),(3156,1,18,3156),(3157,1,18,171),(3158,2,18,3158),(3159,1,18,2546),(3160,3,18,175),(3161,2,19,1120),(3162,1,19,2261),(3163,4,19,4),(3164,2,19,680),(3165,1,19,97),(3166,1,19,533),(3167,1,19,3167),(3168,1,19,99),(3169,1,19,3169),(3170,1,19,102),(3171,2,19,104),(3172,1,19,9),(3173,1,19,935),(3174,1,19,106),(3175,4,19,3175),(3176,2,19,15),(3177,1,19,3177),(3178,1,19,3178),(3179,1,19,3179),(3180,1,19,107),(3181,1,19,3181),(3182,1,19,21),(3183,2,19,22),(3184,1,19,23),(3185,2,19,1150),(3186,1,19,3186),(3187,1,19,24),(3188,4,19,1052),(3189,1,19,3189),(3190,1,19,773),(3191,1,19,114),(3192,1,19,625),(3193,2,19,3193),(3194,1,19,117),(3195,1,19,28),(3196,1,19,3196),(3197,1,19,3197),(3198,2,19,3198),(3199,1,19,119),(3200,1,19,31),(3201,8,19,550),(3202,1,19,1062),(3203,1,19,3203),(3204,1,19,857),(3205,1,19,33),(3206,1,19,127),(3207,1,19,3207),(3208,1,19,37),(3209,1,19,39),(3210,1,19,3210),(3211,3,19,3211),(3212,2,19,3212),(3213,1,19,130),(3214,3,19,129),(3215,1,19,42),(3216,2,19,3216),(3217,1,19,3217),(3218,2,19,715),(3219,1,19,50),(3220,1,19,3220),(3221,2,19,53),(3222,1,19,137),(3223,3,19,792),(3224,17,19,1075),(3225,2,19,793),(3226,1,19,56),(3227,5,19,3227),(3228,1,19,3228),(3229,1,19,3229),(3230,1,19,60),(3231,1,19,138),(3232,1,19,647),(3233,3,19,3233),(3234,4,19,2514),(3235,1,19,3235),(3236,1,19,1079),(3237,1,19,3237),(3238,1,19,64),(3239,1,19,3239),(3240,1,19,3240),(3241,1,19,3241),(3242,2,19,144),(3243,1,19,579),(3244,1,19,66),(3245,1,19,145),(3246,1,19,3246),(3247,1,19,1855),(3248,1,19,1295),(3249,4,19,3249),(3250,1,19,68),(3251,1,19,3251),(3252,1,19,147),(3253,2,19,726),(3254,1,19,148),(3255,1,19,3255),(3256,6,19,1970),(3257,1,19,73),(3258,1,19,149),(3259,1,19,3259),(3260,1,19,151),(3261,1,19,3261),(3262,1,19,3262),(3263,1,19,153),(3264,2,19,1450),(3265,1,19,76),(3266,5,19,2173),(3267,6,19,162),(3268,1,19,3268),(3269,5,19,668),(3270,1,19,78),(3271,2,19,812),(3272,1,19,165),(3273,1,19,81),(3274,1,19,3274),(3275,2,19,3275),(3276,1,19,2182),(3277,1,19,168),(3278,1,19,2187),(3279,1,19,2060),(3280,1,19,3280),(3281,5,19,1027),(3282,3,19,171),(3283,1,19,1986),(3284,1,19,3284),(3285,2,19,175),(3286,1,20,3286),(3287,1,20,3287),(3288,2,20,531),(3289,1,20,533),(3290,3,20,1130),(3291,1,20,3291),(3292,1,20,3292),(3293,1,20,3293),(3294,1,20,3082),(3295,1,20,2067),(3296,1,20,536),(3297,1,20,3297),(3298,1,20,2835),(3299,1,20,3299),(3300,1,20,3189),(3301,1,20,1155),(3302,1,20,1660),(3303,1,20,3303),(3304,1,20,2082),(3305,1,20,3305),(3306,1,20,550),(3307,1,20,3307),(3308,1,20,3308),(3309,1,20,3309),(3310,1,20,3310),(3311,2,20,42),(3312,1,20,3312),(3313,3,20,1177),(3314,1,20,3314),(3315,1,20,3315),(3316,1,20,3316),(3317,7,20,3317),(3318,1,20,3318),(3319,1,20,1681),(3320,1,20,55),(3321,1,20,3321),(3322,3,20,56),(3323,1,20,58),(3324,1,20,3118),(3325,1,20,3325),(3326,1,20,576),(3327,1,20,1850),(3328,2,20,64),(3329,1,20,3329),(3330,1,20,1203),(3331,4,20,3331),(3332,1,20,3125),(3333,1,20,3333),(3334,1,20,3334),(3335,3,20,3335),(3336,2,20,3336),(3337,1,20,1374),(3338,1,20,3338),(3339,1,20,2112),(3340,1,20,3340),(3341,2,20,75),(3342,1,20,590),(3343,1,20,3343),(3344,2,20,591),(3345,1,20,3345),(3346,1,20,594),(3347,1,20,3347),(3348,1,20,3348),(3349,1,20,3349),(3350,1,20,3350),(3351,1,20,3351),(3352,2,20,3352),(3353,1,20,3353),(3354,2,20,917),(3355,4,20,3355),(3356,1,20,2433),(3357,1,20,3357),(3358,1,20,3358),(3359,1,20,2664),(3360,2,20,3360),(3361,1,20,3361),(3362,13,20,97),(3363,1,20,613),(3364,1,20,3364),(3365,1,20,1726),(3366,1,20,105),(3367,2,20,935),(3368,1,20,618),(3369,1,20,3369),(3370,1,20,3370),(3371,1,20,3371),(3372,1,20,2900),(3373,2,20,2137),(3374,1,20,3088),(3375,1,20,2138),(3376,2,20,108),(3377,1,20,3377),(3378,1,20,3378),(3379,2,20,2140),(3380,2,20,3380),(3381,1,20,113),(3382,1,20,1413),(3383,1,20,3383),(3384,2,20,3384),(3385,1,20,630),(3386,1,20,3386),(3387,6,20,3387),(3388,2,20,3388),(3389,1,20,3389),(3390,1,20,1755),(3391,1,20,3391),(3392,2,20,635),(3393,1,20,3393),(3394,1,20,3394),(3395,3,20,128),(3396,1,20,129),(3397,1,20,3397),(3398,1,20,3398),(3399,1,20,3399),(3400,1,20,133),(3401,1,20,3401),(3402,1,20,3402),(3403,1,20,2627),(3404,1,20,3404),(3405,2,20,141),(3406,2,20,142),(3407,1,20,3407),(3408,1,20,3408),(3409,1,20,3409),(3410,2,20,3410),(3411,1,20,151),(3412,1,20,661),(3413,1,20,3413),(3414,1,20,2173),(3415,1,20,3415),(3416,2,20,668),(3417,1,20,3417),(3418,1,20,2178),(3419,1,20,3057),(3420,11,20,166),(3421,1,20,3421),(3422,1,20,2183),(3423,1,20,3423),(3424,2,20,171),(3425,6,20,175),(3426,1,20,1124),(3427,1,20,3427),(3428,1,20,3428),(3429,1,20,2814),(3430,1,20,681),(3431,1,20,3431),(3432,1,20,3432),(3433,3,20,9),(3434,1,20,1936),(3435,1,20,3435),(3436,1,20,3436),(3437,1,20,3437),(3438,1,20,16),(3439,1,20,2212),(3440,1,20,3440),(3441,1,20,1940),(3442,1,20,1150),(3443,2,20,3443),(3444,2,20,26),(3445,1,20,3445),(3446,1,20,3446),(3447,1,20,3447),(3448,1,20,1171),(3449,1,20,1173),(3450,1,20,1948),(3451,1,20,711),(3452,1,20,2850),(3453,1,20,2231),(3454,1,20,2233),(3455,1,20,1675),(3456,1,20,3456),(3457,1,20,3457),(3458,1,20,3458),(3459,1,20,3459),(3460,1,20,3460),(3461,2,20,3461),(3462,1,20,3462),(3463,2,20,3463),(3464,1,20,2238),(3465,1,20,2861),(3466,4,20,3466),(3467,1,20,720),(3468,2,20,1205),(3469,1,20,2246),(3470,1,20,2247),(3471,1,20,3471),(3472,2,20,1700),(3473,1,20,1212),(3474,2,20,2412),(3475,1,20,3475),(3476,2,20,3476),(3477,1,20,3477),(3478,1,20,3478),(3479,1,20,82),(3480,2,20,3480),(3481,1,20,3481),(3482,1,20,3482),(3483,1,20,3158),(3484,1,20,3484),(3485,1,20,3485),(3486,1,20,3486),(3487,1,20,3487),(3488,9,20,3488),(3489,1,20,757),(3490,2,20,3490),(3491,1,20,3491),(3492,1,20,762),(3493,1,20,3493),(3494,1,20,3494),(3495,1,20,103),(3496,1,20,2003),(3497,1,20,3497),(3498,1,20,2454),(3499,1,20,2898),(3500,1,20,843),(3501,2,20,1256),(3502,2,20,107),(3503,1,20,3503),(3504,1,20,3504),(3505,3,20,771),(3506,1,20,2007),(3507,1,20,3507),(3508,1,20,3508),(3509,1,20,1265),(3510,3,20,3510),(3511,2,20,116),(3512,2,20,117),(3513,1,20,3513),(3514,1,20,3514),(3515,1,20,3515),(3516,2,20,3516),(3517,1,20,123),(3518,2,20,3518),(3519,1,20,3519),(3520,1,20,3520),(3521,2,20,2020),(3522,1,20,1277),(3523,1,20,2283),(3524,1,20,2025),(3525,1,20,3525),(3526,1,20,787),(3527,2,20,136),(3528,1,20,3528),(3529,1,20,792),(3530,2,20,3530),(3531,1,20,2510),(3532,2,20,3532),(3533,5,20,3533),(3534,1,20,3534),(3535,1,20,1079),(3536,10,20,3536),(3537,3,20,797),(3538,1,20,3538),(3539,1,20,3539),(3540,1,20,2517),(3541,1,20,3541),(3542,1,20,3542),(3543,1,20,3543),(3544,1,20,3544),(3545,1,20,2302),(3546,1,20,3546),(3547,1,20,805),(3548,1,20,1783),(3549,7,20,1786),(3550,1,20,809),(3551,1,20,2047),(3552,1,20,3552),(3553,2,20,164),(3554,3,20,815),(3555,1,20,914),(3556,1,20,3556),(3557,1,20,3557),(3558,1,20,3558),(3559,1,20,3559),(3560,1,20,3560),(3561,3,20,3561),(3562,1,20,3562),(3563,1,21,3563),(3564,1,21,3564),(3565,1,21,3565),(3566,2,21,9),(3567,1,21,3567),(3568,1,21,3568),(3569,2,21,15),(3570,1,21,21),(3571,2,21,22),(3572,1,21,23),(3573,1,21,24),(3574,1,21,26),(3575,1,21,3575),(3576,1,21,3576),(3577,1,21,28),(3578,1,21,31),(3579,1,21,3579),(3580,1,21,3580),(3581,1,21,33),(3582,1,21,1831),(3583,1,21,3583),(3584,1,21,37),(3585,1,21,39),(3586,1,21,1177),(3587,2,21,711),(3588,1,21,44),(3589,1,21,2231),(3590,1,21,50),(3591,1,21,3591),(3592,2,21,53),(3593,2,21,56),(3594,1,21,3462),(3595,1,21,60),(3596,1,21,3596),(3597,1,21,3597),(3598,1,21,64),(3599,1,21,3599),(3600,1,21,3600),(3601,2,21,3601),(3602,1,21,3602),(3603,1,21,3603),(3604,1,21,2868),(3605,1,21,66),(3606,1,21,68),(3607,1,21,3607),(3608,1,21,3608),(3609,1,21,73),(3610,1,21,76),(3611,1,21,2420),(3612,1,21,2423),(3613,1,21,78),(3614,1,21,3614),(3615,1,21,81),(3616,1,21,3616),(3617,1,21,3617),(3618,1,21,3618),(3619,1,21,3619),(3620,1,21,2118),(3621,1,21,601),(3622,1,21,3622),(3623,1,21,3623),(3624,1,21,3624),(3625,1,21,3625),(3626,2,21,97),(3627,1,21,3627),(3628,1,21,3628),(3629,1,21,99),(3630,1,21,102),(3631,1,21,3631),(3632,1,21,106),(3633,1,21,3633),(3634,1,21,107),(3635,1,21,108),(3636,1,21,114),(3637,1,21,3637),(3638,1,21,119),(3639,1,21,3639),(3640,1,21,3640),(3641,1,21,3641),(3642,1,21,127),(3643,1,21,3643),(3644,1,21,1068),(3645,1,21,637),(3646,1,21,3646),(3647,1,21,128),(3648,2,21,129),(3649,1,21,2496),(3650,1,21,785),(3651,1,21,2025),(3652,1,21,3652),(3653,1,21,3653),(3654,1,21,3654),(3655,1,21,3655),(3656,1,21,137),(3657,1,21,138),(3658,1,21,3658),(3659,1,21,3659),(3660,1,21,3660),(3661,1,21,142),(3662,1,21,3662),(3663,1,21,3663),(3664,1,21,1771),(3665,1,21,144),(3666,1,21,145),(3667,1,21,3667),(3668,1,21,3668),(3669,1,21,1295),(3670,1,21,3670),(3671,1,21,3671),(3672,1,21,147),(3673,1,21,148),(3674,1,21,3674),(3675,1,21,149),(3676,1,21,3676),(3677,1,21,1782),(3678,1,21,153),(3679,1,21,3679),(3680,1,21,3680),(3681,2,21,1786),(3682,2,21,1105),(3683,1,21,165),(3684,1,21,168),(3685,1,21,3685),(3686,1,21,3686),(3687,4,21,171),(3688,1,21,3688),(3689,1,21,1321),(3690,2,21,175),(3691,1,22,3691),(3692,2,22,1035),(3693,1,22,3693),(3694,1,22,3694),(3695,2,22,3695),(3696,4,22,3696),(3697,1,22,680),(3698,1,22,5),(3699,1,22,3699),(3700,1,22,97),(3701,3,22,3701),(3702,2,22,682),(3703,1,22,3703),(3704,1,22,3704),(3705,1,22,1042),(3706,1,22,11),(3707,1,22,1252),(3708,4,22,3567),(3709,2,22,690),(3710,1,22,3710),(3711,1,22,3711),(3712,1,22,2005),(3713,1,22,3713),(3714,1,22,3714),(3715,1,22,3715),(3716,1,22,3716),(3717,7,22,26),(3718,2,22,3718),(3719,2,22,113),(3720,1,22,3720),(3721,6,22,3721),(3722,1,22,1265),(3723,2,22,3723),(3724,1,22,2082),(3725,1,22,3514),(3726,3,22,3726),(3727,1,22,856),(3728,1,22,3728),(3729,2,22,550),(3730,2,22,3730),(3731,4,22,125),(3732,1,22,3732),(3733,1,22,558),(3734,3,22,3734),(3735,1,22,130),(3736,2,22,711),(3737,1,22,2231),(3738,2,22,713),(3739,1,22,3739),(3740,1,22,3740),(3741,1,22,3741),(3742,3,22,3742),(3743,1,22,3227),(3744,1,22,1764),(3745,1,22,59),(3746,1,22,3118),(3747,1,22,3747),(3748,3,22,3748),(3749,1,22,2626),(3750,1,22,3750),(3751,1,22,3751),(3752,1,22,3752),(3753,1,22,1850),(3754,1,22,3754),(3755,1,22,3755),(3756,1,22,141),(3757,1,22,3757),(3758,1,22,3758),(3759,1,22,3759),(3760,1,22,3760),(3761,1,22,1295),(3762,1,22,3762),(3763,1,22,2302),(3764,2,22,3764),(3765,1,22,3765),(3766,1,22,1918),(3767,1,22,3767),(3768,1,22,161),(3769,2,22,1859),(3770,2,22,593),(3771,4,22,668),(3772,1,22,3772),(3773,1,22,164),(3774,2,22,3774),(3775,1,22,914),(3776,5,22,3057),(3777,1,22,3353),(3778,1,22,3778),(3779,1,22,752),(3780,1,22,3780),(3781,1,22,3781),(3782,1,22,3782),(3783,1,22,1986),(3784,1,22,3784),(3785,1,22,175),(3786,1,23,3786),(3787,1,23,3787),(3788,2,23,3788),(3789,7,23,682),(3790,1,23,9),(3791,1,23,3791),(3792,1,23,8),(3793,1,23,3793),(3794,1,23,3794),(3795,1,23,2337),(3796,1,23,2822),(3797,1,23,690),(3798,1,23,3798),(3799,2,23,15),(3800,1,23,3800),(3801,1,23,1048),(3802,1,23,21),(3803,2,23,22),(3804,1,23,23),(3805,1,23,544),(3806,2,23,1150),(3807,1,23,24),(3808,1,23,2216),(3809,1,23,2217),(3810,1,23,3810),(3811,1,23,2688),(3812,1,23,2082),(3813,1,23,28),(3814,1,23,1943),(3815,1,23,3815),(3816,1,23,31),(3817,1,23,550),(3818,1,23,3818),(3819,1,23,33),(3820,1,23,37),(3821,1,23,1170),(3822,1,23,39),(3823,1,23,3823),(3824,1,23,711),(3825,1,23,1177),(3826,2,23,1949),(3827,1,23,3827),(3828,1,23,564),(3829,1,23,2233),(3830,1,23,3830),(3831,1,23,50),(3832,2,23,53),(3833,1,23,56),(3834,1,23,60),(3835,1,23,3835),(3836,1,23,720),(3837,1,23,64),(3838,1,23,3838),(3839,1,23,3839),(3840,2,23,3840),(3841,1,23,66),(3842,3,23,3842),(3843,1,23,68),(3844,1,23,73),(3845,1,23,3845),(3846,1,23,3259),(3847,1,23,735),(3848,1,23,3848),(3849,1,23,3849),(3850,1,23,3850),(3851,1,23,76),(3852,1,23,3852),(3853,1,23,2418),(3854,1,23,2420),(3855,1,23,78),(3856,1,23,79),(3857,2,23,3857),(3858,1,23,81),(3859,1,23,3859),(3860,1,23,602),(3861,1,23,1389),(3862,1,23,3862),(3863,2,23,3863),(3864,1,23,3864),(3865,1,23,1390),(3866,1,23,3866),(3867,2,23,3867),(3868,5,23,97),(3869,13,23,611),(3870,1,23,99),(3871,1,23,102),(3872,1,23,3872),(3873,1,23,3873),(3874,1,23,3874),(3875,1,23,106),(3876,1,23,3876),(3877,1,23,622),(3878,1,23,3716),(3879,2,23,2466),(3880,1,23,1052),(3881,2,23,3881),(3882,1,23,3882),(3883,1,23,3720),(3884,1,23,114),(3885,1,23,774),(3886,1,23,3886),(3887,1,23,776),(3888,1,23,3888),(3889,1,23,3198),(3890,5,23,119),(3891,1,23,3891),(3892,1,23,3892),(3893,1,23,3893),(3894,1,23,127),(3895,2,23,3895),(3896,1,23,3896),(3897,1,23,3897),(3898,1,23,637),(3899,1,23,129),(3900,1,23,130),(3901,2,23,785),(3902,4,23,3217),(3903,2,23,3903),(3904,10,23,132),(3905,1,23,3905),(3906,5,23,3220),(3907,1,23,137),(3908,2,23,1075),(3909,1,23,3909),(3910,5,23,2507),(3911,1,23,3911),(3912,1,23,138),(3913,1,23,1766),(3914,1,23,3914),(3915,1,23,3915),(3916,1,23,3534),(3917,1,23,1084),(3918,1,23,3918),(3919,1,23,144),(3920,5,23,145),(3921,1,23,1436),(3922,1,23,1295),(3923,1,23,147),(3924,1,23,3924),(3925,1,23,148),(3926,2,23,3926),(3927,1,23,149),(3928,1,23,3928),(3929,1,23,152),(3930,1,23,153),(3931,2,23,662),(3932,1,23,663),(3933,1,23,1786),(3934,1,23,3934),(3935,2,23,668),(3936,1,23,165),(3937,1,23,168),(3938,2,23,3938),(3939,2,23,3939),(3940,2,23,171),(3941,1,23,3941),(3942,1,23,3942),(3943,4,23,175),(3944,1,24,1035),(3945,1,24,3945),(3946,2,24,3946),(3947,1,24,1126),(3948,1,24,3948),(3949,2,24,3949),(3950,1,24,5),(3951,1,24,1130),(3952,1,24,3952),(3953,1,24,3953),(3954,2,24,3082),(3955,1,24,3955),(3956,1,24,3956),(3957,6,24,8),(3958,3,24,536),(3959,1,24,2821),(3960,1,24,3960),(3961,1,24,3961),(3962,1,24,1138),(3963,1,24,3963),(3964,1,24,3964),(3965,2,24,15),(3966,1,24,3966),(3967,1,24,1048),(3968,1,24,21),(3969,2,24,22),(3970,1,24,24),(3971,1,24,1819),(3972,1,24,2835),(3973,1,24,1153),(3974,1,24,3974),(3975,1,24,1158),(3976,2,24,3976),(3977,1,24,3977),(3978,1,24,3978),(3979,1,24,3979),(3980,2,24,3980),(3981,1,24,3305),(3982,1,24,3982),(3983,3,24,550),(3984,1,24,551),(3985,1,24,3985),(3986,1,24,3986),(3987,1,24,3987),(3988,1,24,3988),(3989,1,24,3989),(3990,1,24,39),(3991,1,24,42),(3992,4,24,1177),(3993,1,24,3993),(3994,1,24,3994),(3995,1,24,52),(3996,2,24,53),(3997,1,24,3997),(3998,1,24,1680),(3999,3,24,55),(4000,3,24,3116),(4001,5,24,3321),(4002,3,24,56),(4003,2,24,573),(4004,1,24,4004),(4005,1,24,4005),(4006,1,24,2099),(4007,2,24,4007),(4008,1,24,4008),(4009,1,24,4009),(4010,7,24,4010),(4011,1,24,1850),(4012,5,24,64),(4013,1,24,4013),(4014,2,24,1203),(4015,1,24,66),(4016,1,24,4016),(4017,1,24,4017),(4018,1,24,68),(4019,1,24,4019),(4020,1,24,4020),(4021,1,24,4021),(4022,1,24,4022),(4023,1,24,4023),(4024,1,24,4024),(4025,1,24,1010),(4026,2,24,4026),(4027,1,24,4027),(4028,1,24,4028),(4029,1,24,2878),(4030,1,24,3849),(4031,1,24,4031),(4032,1,24,591),(4033,1,24,4033),(4034,1,24,3143),(4035,1,24,4035),(4036,1,24,2882),(4037,1,24,4037),(4038,1,24,77),(4039,1,24,2425),(4040,1,24,4040),(4041,1,24,595),(4042,1,24,4042),(4043,2,24,4043),(4044,7,24,4044),(4045,2,24,84),(4046,1,24,4046),(4047,1,24,1228),(4048,1,24,4048),(4049,2,24,2433),(4050,1,24,1230),(4051,1,24,601),(4052,1,24,1866),(4053,1,24,4053),(4054,1,24,2123),(4055,1,24,4055),(4056,2,24,4056),(4057,1,24,4057),(4058,1,24,4058),(4059,1,24,4059),(4060,1,24,4060),(4061,4,24,93),(4062,3,24,94),(4063,1,24,1718),(4064,8,24,97),(4065,1,24,2749),(4066,1,24,4066),(4067,1,24,102),(4068,1,24,1726),(4069,1,24,4069),(4070,1,24,1249),(4071,1,24,3369),(4072,1,24,4072),(4073,1,24,4073),(4074,1,24,4074),(4075,1,24,4075),(4076,1,24,2900),(4077,1,24,108),(4078,1,24,4078),(4079,1,24,4079),(4080,3,24,3380),(4081,1,24,4081),(4082,1,24,4082),(4083,1,24,4083),(4084,1,24,114),(4085,1,24,4085),(4086,2,24,120),(4087,1,24,2146),(4088,1,24,4088),(4089,1,24,3389),(4090,1,24,126),(4091,1,24,4091),(4092,1,24,4092),(4093,1,24,2914),(4094,2,24,2150),(4095,1,24,130),(4096,2,24,4096),(4097,3,24,129),(4098,1,24,4098),(4099,1,24,4099),(4100,1,24,1892),(4101,1,24,3399),(4102,1,24,2153),(4103,1,24,645),(4104,1,24,137),(4105,1,24,1764),(4106,1,24,4106),(4107,1,24,4107),(4108,1,24,4108),(4109,1,24,1285),(4110,1,24,4110),(4111,2,24,4111),(4112,2,24,2627),(4113,1,24,4113),(4114,2,24,141),(4115,1,24,142),(4116,1,24,4116),(4117,2,24,4117),(4118,1,24,2933),(4119,1,24,4119),(4120,1,24,4120),(4121,1,24,4121),(4122,1,24,1294),(4123,1,24,4123),(4124,1,24,147),(4125,1,24,148),(4126,1,24,149),(4127,1,24,1445),(4128,1,24,4128),(4129,1,24,661),(4130,1,24,4130),(4131,1,24,1915),(4132,1,24,4132),(4133,1,24,2174),(4134,1,24,4134),(4135,1,24,3417),(4136,2,24,1795),(4137,1,24,913),(4138,2,24,166),(4139,1,24,672),(4140,1,24,4140),(4141,4,24,2183),(4142,1,24,4142),(4143,1,24,4143),(4144,2,24,4144),(4145,1,24,676),(4146,12,24,171),(4147,2,24,4147),(4148,7,24,175),(4149,1,24,4149),(4150,1,24,1324),(4151,1,24,4151),(4152,1,24,2198),(4153,3,24,4153),(4154,1,24,681),(4155,1,24,4155),(4156,1,24,4156),(4157,1,24,4157),(4158,4,24,9),(4159,1,24,1136),(4160,1,24,1332),(4161,1,24,3435),(4162,1,24,690),(4163,1,24,2824),(4164,1,24,4164),(4165,1,24,4165),(4166,1,24,4166),(4167,1,24,4167),(4168,1,24,4168),(4169,1,24,4169),(4170,1,24,4170),(4171,1,24,4171),(4172,1,24,23),(4173,2,24,1150),(4174,1,24,4174),(4175,1,24,4175),(4176,1,24,4176),(4177,1,24,2350),(4178,2,24,4178),(4179,1,24,26),(4180,1,24,3718),(4181,1,24,4181),(4182,1,24,4182),(4183,1,24,4183),(4184,1,24,4184),(4185,1,24,701),(4186,1,24,28),(4187,1,24,4187),(4188,1,24,4188),(4189,1,24,4189),(4190,1,24,31),(4191,2,24,705),(4192,1,24,33),(4193,1,24,4193),(4194,1,24,37),(4195,1,24,4195),(4196,1,24,4196),(4197,3,24,1170),(4198,2,24,1173),(4199,1,24,4199),(4200,1,24,4200),(4201,1,24,711),(4202,1,24,2850),(4203,2,24,4203),(4204,1,24,4204),(4205,2,24,1356),(4206,1,24,4206),(4207,1,24,1675),(4208,1,24,716),(4209,2,24,1181),(4210,1,24,50),(4211,1,24,1359),(4212,1,24,875),(4213,1,24,3460),(4214,4,24,3459),(4215,1,24,60),(4216,1,24,2861),(4217,1,24,4217),(4218,1,24,4218),(4219,2,24,1687),(4220,1,24,720),(4221,1,24,4221),(4222,1,24,4222),(4223,1,24,4223),(4224,1,24,4224),(4225,3,24,888),(4226,1,24,73),(4227,1,24,2248),(4228,1,24,1006),(4229,1,24,4229),(4230,1,24,3845),(4231,2,24,4231),(4232,1,24,3471),(4233,1,24,4233),(4234,1,24,4234),(4235,1,24,4235),(4236,1,24,4236),(4237,1,24,4237),(4238,1,24,76),(4239,1,24,906),(4240,1,24,4240),(4241,1,24,1220),(4242,1,24,4242),(4243,1,24,78),(4244,1,24,4244),(4245,1,24,81),(4246,1,24,4246),(4247,1,24,4247),(4248,1,24,4248),(4249,1,24,1227),(4250,1,24,4250),(4251,1,24,4251),(4252,1,24,4252),(4253,1,24,752),(4254,2,24,3158),(4255,1,24,4255),(4256,1,24,4256),(4257,2,24,90),(4258,3,24,89),(4259,1,24,4259),(4260,1,24,4260),(4261,1,24,2261),(4262,1,24,4262),(4263,1,24,4263),(4264,3,24,3490),(4265,1,24,95),(4266,1,24,762),(4267,1,24,99),(4268,1,24,4268),(4269,2,24,1998),(4270,5,24,103),(4271,1,24,1402),(4272,1,24,4272),(4273,1,24,4273),(4274,1,24,106),(4275,1,24,4275),(4276,1,24,4276),(4277,1,24,4277),(4278,1,24,4278),(4279,1,24,2898),(4280,2,24,4280),(4281,1,24,4281),(4282,1,24,107),(4283,3,24,1052),(4284,1,24,1262),(4285,1,24,4285),(4286,1,24,4286),(4287,1,24,4287),(4288,1,24,4288),(4289,1,24,4289),(4290,1,24,2472),(4291,2,24,776),(4292,2,24,119),(4293,1,24,123),(4294,3,24,1751),(4295,1,24,4295),(4296,1,24,4296),(4297,1,24,4297),(4298,1,24,781),(4299,1,24,127),(4300,3,24,4300),(4301,1,24,4301),(4302,1,24,4302),(4303,1,24,4303),(4304,3,24,131),(4305,1,24,4305),(4306,2,24,4306),(4307,1,24,4307),(4308,1,24,3220),(4309,1,24,4309),(4310,1,24,4310),(4311,1,24,4311),(4312,1,24,4312),(4313,2,24,792),(4314,1,24,4314),(4315,1,24,138),(4316,2,24,1286),(4317,1,24,4317),(4318,1,24,3536),(4319,1,24,4319),(4320,1,24,4320),(4321,1,24,3539),(4322,1,24,4322),(4323,1,24,4323),(4324,1,24,144),(4325,1,24,145),(4326,2,24,4326),(4327,1,24,4327),(4328,2,24,2939),(4329,1,24,4329),(4330,1,24,4330),(4331,1,24,153),(4332,2,24,1783),(4333,1,24,2947),(4334,3,24,157),(4335,1,24,158),(4336,2,24,809),(4337,5,24,1786),(4338,1,24,4338),(4339,1,24,811),(4340,1,24,4340),(4341,1,24,4341),(4342,3,24,163),(4343,1,24,1793),(4344,1,24,164),(4345,1,24,165),(4346,1,24,2952),(4347,2,24,4347),(4348,1,24,816),(4349,1,24,168),(4350,1,24,4350),(4351,1,24,1459),(4352,1,24,2955),(4353,1,24,4353),(4354,1,24,4354),(4355,1,24,4355),(4356,1,24,4356),(4357,1,24,822),(4358,1,24,4358),(4359,1,25,2),(4360,3,25,924),(4361,1,25,4361),(4362,2,25,4362),(4363,4,25,531),(4364,2,25,4364),(4365,2,25,3291),(4366,3,25,3082),(4367,1,25,2823),(4368,2,25,15),(4369,2,25,1048),(4370,1,25,21),(4371,2,25,22),(4372,1,25,24),(4373,1,25,3189),(4374,1,25,3721),(4375,3,25,1053),(4376,3,25,548),(4377,2,25,4377),(4378,1,25,4378),(4379,1,25,1344),(4380,7,25,550),(4381,1,25,1062),(4382,1,25,39),(4383,3,25,556),(4384,2,25,42),(4385,1,25,4385),(4386,1,25,564),(4387,2,25,2094),(4388,1,25,4388),(4389,2,25,53),(4390,1,25,56),(4391,3,25,58),(4392,1,25,2626),(4393,1,25,1199),(4394,1,25,1850),(4395,7,25,3755),(4396,1,25,64),(4397,6,25,884),(4398,1,25,1691),(4399,5,25,2106),(4400,6,25,579),(4401,1,25,2109),(4402,1,25,65),(4403,1,25,66),(4404,1,25,68),(4405,2,25,3259),(4406,1,25,585),(4407,2,25,2729),(4408,1,25,589),(4409,1,25,596),(4410,1,25,4410),(4411,1,25,4411),(4412,1,25,2118),(4413,1,25,4413),(4414,1,25,4414),(4415,1,25,1230),(4416,5,25,601),(4417,1,25,4417),(4418,2,25,2437),(4419,2,25,93),(4420,2,25,3695),(4421,3,25,4421),(4422,1,25,4422),(4423,1,25,4423),(4424,13,25,97),(4425,1,25,102),(4426,3,25,4426),(4427,1,25,2900),(4428,1,25,4428),(4429,1,25,108),(4430,3,25,3088),(4431,1,25,4431),(4432,1,25,4432),(4433,1,25,4433),(4434,4,25,1413),(4435,1,25,114),(4436,2,25,626),(4437,1,25,3637),(4438,1,25,4085),(4439,1,25,3197),(4440,2,25,4440),(4441,1,25,4441),(4442,3,25,2768),(4443,1,25,4443),(4444,1,25,4444),(4445,1,25,128),(4446,3,25,4446),(4447,1,25,2773),(4448,2,25,129),(4449,2,25,868),(4450,2,25,4450),(4451,1,25,137),(4452,1,25,4452),(4453,1,25,4111),(4454,2,25,4454),(4455,1,25,141),(4456,1,25,142),(4457,1,25,4457),(4458,1,25,1437),(4459,1,25,4459),(4460,3,25,1295),(4461,1,25,147),(4462,1,25,4462),(4463,1,25,148),(4464,1,25,149),(4465,1,25,665),(4466,1,25,666),(4467,1,25,2172),(4468,2,25,4468),(4469,10,25,668),(4470,1,25,4470),(4471,2,25,4471),(4472,1,25,2180),(4473,2,25,3057),(4474,1,25,4474),(4475,1,25,4475),(4476,1,25,1027),(4477,2,25,1319),(4478,3,25,171),(4479,1,25,1117),(4480,2,25,4480),(4481,1,25,4481),(4482,13,25,175),(4483,1,25,679),(4484,1,25,1034),(4485,3,25,4485),(4486,1,25,4486),(4487,1,25,4487),(4488,3,25,680),(4489,1,25,1129),(4490,1,25,3701),(4491,1,25,4491),(4492,1,25,4492),(4493,1,25,1931),(4494,2,25,9),(4495,1,25,1332),(4496,2,25,11),(4497,3,25,1937),(4498,3,25,690),(4499,1,25,2343),(4500,1,25,4500),(4501,2,25,4501),(4502,2,25,19),(4503,1,25,23),(4504,1,25,4504),(4505,1,25,26),(4506,1,25,3718),(4507,2,25,851),(4508,1,25,28),(4509,5,25,1943),(4510,1,25,31),(4511,15,25,706),(4512,1,25,2224),(4513,1,25,33),(4514,1,25,37),(4515,1,25,4515),(4516,1,25,4516),(4517,26,25,711),(4518,1,25,4518),(4519,1,25,44),(4520,1,25,4520),(4521,1,25,46),(4522,9,25,4522),(4523,1,25,50),(4524,1,25,2388),(4525,1,25,3115),(4526,1,25,4526),(4527,1,25,3460),(4528,6,25,3462),(4529,1,25,60),(4530,1,25,2861),(4531,1,25,1196),(4532,1,25,2396),(4533,5,25,4533),(4534,1,25,1083),(4535,1,25,4535),(4536,1,25,4536),(4537,2,25,3249),(4538,1,25,2638),(4539,1,25,4539),(4540,1,25,4540),(4541,1,25,4541),(4542,1,25,4542),(4543,1,25,73),(4544,1,25,4544),(4545,2,25,4545),(4546,13,25,735),(4547,1,25,76),(4548,1,25,4548),(4549,1,25,3268),(4550,1,25,4550),(4551,2,25,907),(4552,9,25,741),(4553,1,25,78),(4554,7,25,79),(4555,1,25,81),(4556,4,25,82),(4557,2,25,4557),(4558,1,25,749),(4559,1,25,4559),(4560,1,25,4560),(4561,1,25,3780),(4562,1,25,4562),(4563,1,25,3158),(4564,5,25,1986),(4565,1,25,4565),(4566,1,25,4566),(4567,1,25,1724),(4568,1,25,99),(4569,1,25,4569),(4570,1,25,4570),(4571,1,25,4571),(4572,1,25,106),(4573,1,25,4573),(4574,2,25,4574),(4575,2,25,1252),(4576,1,25,4576),(4577,2,25,107),(4578,1,25,2005),(4579,1,25,3720),(4580,2,25,4580),(4581,1,25,4581),(4582,2,25,776),(4583,5,25,3514),(4584,1,25,119),(4585,1,25,123),(4586,2,25,3098),(4587,1,25,4587),(4588,1,25,857),(4589,1,25,127),(4590,1,25,2024),(4591,1,25,1068),(4592,1,25,3217),(4593,1,25,2501),(4594,1,25,4594),(4595,3,25,2028),(4596,1,25,4596),(4597,4,25,792),(4598,2,25,4598),(4599,1,25,1075),(4600,3,25,3227),(4601,1,25,138),(4602,6,25,3748),(4603,2,25,2510),(4604,1,25,4604),(4605,2,25,2514),(4606,1,25,796),(4607,1,25,4607),(4608,4,25,1084),(4609,1,25,144),(4610,1,25,145),(4611,2,25,2040),(4612,1,25,4612),(4613,1,25,4613),(4614,1,25,153),(4615,1,25,4615),(4616,2,25,4616),(4617,1,25,1105),(4618,7,25,4618),(4619,1,25,811),(4620,1,25,165),(4621,5,25,164),(4622,1,25,914),(4623,4,25,3060),(4624,1,25,168),(4625,1,25,4625),(4626,1,26,3286),(4627,1,26,3287),(4628,2,26,531),(4629,1,26,533),(4630,3,26,1130),(4631,1,26,3291),(4632,1,26,3292),(4633,1,26,3293),(4634,1,26,3082),(4635,1,26,2067),(4636,1,26,536),(4637,1,26,3297),(4638,1,26,2835),(4639,1,26,3299),(4640,1,26,3189),(4641,1,26,1155),(4642,1,26,1660),(4643,1,26,3303),(4644,1,26,2082),(4645,1,26,3305),(4646,1,26,550),(4647,1,26,3307),(4648,1,26,3308),(4649,1,26,3309),(4650,1,26,3310),(4651,2,26,42),(4652,1,26,3312),(4653,3,26,1177),(4654,1,26,3314),(4655,1,26,3315),(4656,1,26,3316),(4657,7,26,3317),(4658,1,26,3318),(4659,1,26,1681),(4660,1,26,55),(4661,1,26,3321),(4662,3,26,56),(4663,1,26,58),(4664,1,26,3118),(4665,1,26,3325),(4666,1,26,576),(4667,1,26,1850),(4668,2,26,64),(4669,1,26,3329),(4670,1,26,1203),(4671,4,26,3331),(4672,1,26,3125),(4673,1,26,3333),(4674,1,26,3334),(4675,3,26,3335),(4676,2,26,3336),(4677,1,26,1374),(4678,1,26,3338),(4679,1,26,2112),(4680,1,26,3340),(4681,2,26,75),(4682,1,26,590),(4683,1,26,3343),(4684,2,26,591),(4685,1,26,3345),(4686,1,26,594),(4687,1,26,3347),(4688,1,26,3348),(4689,1,26,3349),(4690,1,26,3350),(4691,1,26,3351),(4692,2,26,3352),(4693,1,26,3353),(4694,2,26,917),(4695,4,26,3355),(4696,1,26,2433),(4697,1,26,3357),(4698,1,26,3358),(4699,1,26,2664),(4700,2,26,3360),(4701,1,26,3361),(4702,13,26,97),(4703,1,26,613),(4704,1,26,3364),(4705,1,26,1726),(4706,1,26,105),(4707,2,26,935),(4708,1,26,618),(4709,1,26,3369),(4710,1,26,3370),(4711,1,26,3371),(4712,1,26,2900),(4713,2,26,2137),(4714,1,26,3088),(4715,1,26,2138),(4716,2,26,108),(4717,1,26,3377),(4718,1,26,3378),(4719,2,26,2140),(4720,2,26,3380),(4721,1,26,113),(4722,1,26,1413),(4723,1,26,3383),(4724,2,26,3384),(4725,1,26,630),(4726,1,26,3386),(4727,6,26,3387),(4728,2,26,3388),(4729,1,26,3389),(4730,1,26,1755),(4731,1,26,3391),(4732,2,26,635),(4733,1,26,3393),(4734,1,26,3394),(4735,3,26,128),(4736,1,26,129),(4737,1,26,3397),(4738,1,26,3398),(4739,1,26,3399),(4740,1,26,133),(4741,1,26,3401),(4742,1,26,3402),(4743,1,26,2627),(4744,1,26,3404),(4745,2,26,141),(4746,2,26,142),(4747,1,26,3407),(4748,1,26,3408),(4749,1,26,3409),(4750,2,26,3410),(4751,1,26,151),(4752,1,26,661),(4753,1,26,3413),(4754,1,26,2173),(4755,1,26,3415),(4756,2,26,668),(4757,1,26,3417),(4758,1,26,2178),(4759,1,26,3057),(4760,11,26,166),(4761,1,26,3421),(4762,1,26,2183),(4763,1,26,3423),(4764,2,26,171),(4765,6,26,175),(4766,1,26,1124),(4767,1,26,3427),(4768,1,26,3428),(4769,1,26,2814),(4770,1,26,681),(4771,1,26,3431),(4772,1,26,3432),(4773,3,26,9),(4774,1,26,1936),(4775,1,26,3435),(4776,1,26,3436),(4777,1,26,3437),(4778,1,26,16),(4779,1,26,2212),(4780,1,26,3440),(4781,1,26,1940),(4782,1,26,1150),(4783,2,26,3443),(4784,2,26,26),(4785,1,26,3445),(4786,1,26,3446),(4787,1,26,3447),(4788,1,26,1171),(4789,1,26,1173),(4790,1,26,1948),(4791,1,26,711),(4792,1,26,2850),(4793,1,26,2231),(4794,1,26,2233),(4795,1,26,1675),(4796,1,26,3456),(4797,1,26,3457),(4798,1,26,3458),(4799,1,26,3459),(4800,1,26,3460),(4801,2,26,3461),(4802,1,26,3462),(4803,2,26,3463),(4804,1,26,2238),(4805,1,26,2861),(4806,4,26,3466),(4807,1,26,720),(4808,2,26,1205),(4809,1,26,2246),(4810,1,26,2247),(4811,1,26,3471),(4812,2,26,1700),(4813,1,26,1212),(4814,2,26,2412),(4815,1,26,3475),(4816,2,26,3476),(4817,1,26,3477),(4818,1,26,3478),(4819,1,26,82),(4820,2,26,3480),(4821,1,26,3481),(4822,1,26,3482),(4823,1,26,3158),(4824,1,26,3484),(4825,1,26,3485),(4826,1,26,3486),(4827,1,26,3487),(4828,9,26,3488),(4829,1,26,757),(4830,2,26,3490),(4831,1,26,3491),(4832,1,26,762),(4833,1,26,3493),(4834,1,26,3494),(4835,1,26,103),(4836,1,26,2003),(4837,1,26,3497),(4838,1,26,2454),(4839,1,26,2898),(4840,1,26,843),(4841,2,26,1256),(4842,2,26,107),(4843,1,26,3503),(4844,1,26,3504),(4845,3,26,771),(4846,1,26,2007),(4847,1,26,3507),(4848,1,26,3508),(4849,1,26,1265),(4850,3,26,3510),(4851,2,26,116),(4852,2,26,117),(4853,1,26,3513),(4854,1,26,3514),(4855,1,26,3515),(4856,2,26,3516),(4857,1,26,123),(4858,2,26,3518),(4859,1,26,3519),(4860,1,26,3520),(4861,2,26,2020),(4862,1,26,1277),(4863,1,26,2283),(4864,1,26,2025),(4865,1,26,3525),(4866,1,26,787),(4867,2,26,136),(4868,1,26,3528),(4869,1,26,792),(4870,2,26,3530),(4871,1,26,2510),(4872,2,26,3532),(4873,5,26,3533),(4874,1,26,3534),(4875,1,26,1079),(4876,10,26,3536),(4877,3,26,797),(4878,1,26,3538),(4879,1,26,3539),(4880,1,26,2517),(4881,1,26,3541),(4882,1,26,3542),(4883,1,26,3543),(4884,1,26,3544),(4885,1,26,2302),(4886,1,26,3546),(4887,1,26,805),(4888,1,26,1783),(4889,7,26,1786),(4890,1,26,809),(4891,1,26,2047),(4892,1,26,3552),(4893,2,26,164),(4894,3,26,815),(4895,1,26,914),(4896,1,26,3556),(4897,1,26,3557),(4898,1,26,3558),(4899,1,26,3559),(4900,1,26,3560),(4901,3,26,3561),(4902,1,26,3562),(4903,1,27,4903),(4904,1,27,1120),(4905,1,27,679),(4906,1,27,4906),(4907,2,27,4),(4908,5,27,97),(4909,1,27,533),(4910,1,27,99),(4911,1,27,102),(4912,1,27,104),(4913,2,27,9),(4914,6,27,8),(4915,1,27,106),(4916,1,27,3961),(4917,1,27,12),(4918,4,27,766),(4919,2,27,15),(4920,2,27,4920),(4921,1,27,108),(4922,1,27,107),(4923,1,27,21),(4924,2,27,22),(4925,1,27,23),(4926,1,27,1150),(4927,1,27,4927),(4928,1,27,24),(4929,1,27,1259),(4930,1,27,4930),(4931,1,27,1155),(4932,1,27,114),(4933,1,27,624),(4934,3,27,548),(4935,1,27,116),(4936,1,27,28),(4937,1,27,4937),(4938,1,27,119),(4939,1,27,31),(4940,1,27,550),(4941,5,27,123),(4942,1,27,4942),(4943,1,27,33),(4944,1,27,127),(4945,1,27,37),(4946,1,27,4946),(4947,4,27,39),(4948,1,27,558),(4949,1,27,1068),(4950,6,27,128),(4951,2,27,129),(4952,2,27,42),(4953,1,27,44),(4954,1,27,4954),(4955,1,27,713),(4956,1,27,4956),(4957,1,27,4594),(4958,1,27,1181),(4959,1,27,45),(4960,1,27,50),(4961,1,27,875),(4962,2,27,53),(4963,1,27,645),(4964,1,27,137),(4965,1,27,1763),(4966,1,27,3460),(4967,2,27,56),(4968,1,27,60),(4969,1,27,138),(4970,1,27,4970),(4971,1,27,2510),(4972,1,27,62),(4973,5,27,2514),(4974,1,27,64),(4975,2,27,141),(4976,1,27,142),(4977,1,27,144),(4978,1,27,66),(4979,1,27,65),(4980,1,27,145),(4981,1,27,723),(4982,1,27,2244),(4983,2,27,892),(4984,1,27,1295),(4985,1,27,4459),(4986,1,27,68),(4987,1,27,147),(4988,1,27,1440),(4989,1,27,148),(4990,2,27,1909),(4991,1,27,73),(4992,1,27,1776),(4993,1,27,149),(4994,1,27,4994),(4995,2,27,3259),(4996,1,27,151),(4997,1,27,153),(4998,1,27,152),(4999,1,27,661),(5000,3,27,74),(5001,1,27,809),(5002,1,27,666),(5003,1,27,76),(5004,4,27,3143),(5005,1,27,2800),(5006,1,27,1919),(5007,1,27,5007),(5008,1,27,78),(5009,1,27,165),(5010,2,27,164),(5011,1,27,81),(5012,1,27,3059),(5013,1,27,5013),(5014,1,27,82),(5015,1,27,168),(5016,1,27,2118),(5017,3,27,601),(5018,1,27,5018),(5019,4,27,171),(5020,1,27,5020),(5021,2,27,175),(5022,1,28,713),(5023,1,28,5023),(5024,1,28,3227),(5025,1,28,2452),(5026,1,28,5026),(5027,1,28,540),(5028,1,29,5028),(5029,1,29,5029),(5030,1,29,4),(5031,1,29,5),(5032,1,29,533),(5033,3,29,9),(5034,1,29,5034),(5035,2,29,15),(5036,2,29,5036),(5037,1,29,5037),(5038,1,29,21),(5039,2,29,22),(5040,1,29,23),(5041,1,29,5041),(5042,1,29,24),(5043,1,29,5043),(5044,2,29,1053),(5045,1,29,28),(5046,1,29,5046),(5047,1,29,31),(5048,1,29,1061),(5049,1,29,5049),(5050,1,29,33),(5051,1,29,5051),(5052,1,29,37),(5053,1,29,39),(5054,1,29,5054),(5055,1,29,5055),(5056,1,29,2375),(5057,1,29,561),(5058,2,29,711),(5059,1,29,44),(5060,1,29,568),(5061,1,29,50),(5062,1,29,875),(5063,2,29,53),(5064,1,29,5064),(5065,1,29,56),(5066,1,29,60),(5067,2,29,2099),(5068,1,29,5068),(5069,1,29,2399),(5070,1,29,64),(5071,1,29,5071),(5072,1,29,5072),(5073,1,29,66),(5074,1,29,5074),(5075,1,29,723),(5076,1,29,2244),(5077,1,29,68),(5078,2,29,73),(5079,1,29,5079),(5080,1,29,589),(5081,1,29,76),(5082,1,29,2420),(5083,1,29,5083),(5084,2,29,79),(5085,18,29,78),(5086,1,29,80),(5087,1,29,81),(5088,2,29,5088),(5089,1,29,5089),(5090,1,29,5090),(5091,3,29,601),(5092,1,29,5092),(5093,1,29,3622),(5094,1,29,92),(5095,1,29,5095),(5096,2,29,4060),(5097,2,29,5097),(5098,1,29,5098),(5099,1,29,5099),(5100,4,29,97),(5101,1,29,99),(5102,1,29,102),(5103,1,29,5103),(5104,1,29,5104),(5105,2,29,5105),(5106,2,29,106),(5107,1,29,1406),(5108,1,29,766),(5109,1,29,5109),(5110,1,29,107),(5111,1,29,108),(5112,1,29,5112),(5113,18,29,114),(5114,1,29,119),(5115,1,29,5115),(5116,2,29,123),(5117,1,29,5117),(5118,1,29,5118),(5119,1,29,127),(5120,1,29,5120),(5121,2,29,635),(5122,1,29,1068),(5123,1,29,637),(5124,1,29,128),(5125,14,29,129),(5126,1,29,5126),(5127,1,29,2496),(5128,1,29,785),(5129,5,29,132),(5130,1,29,5130),(5131,1,29,788),(5132,1,29,4596),(5133,1,29,137),(5134,1,29,138),(5135,1,29,142),(5136,1,29,5136),(5137,1,29,5137),(5138,1,29,144),(5139,2,29,145),(5140,2,29,1293),(5141,1,29,1294),(5142,1,29,5142),(5143,1,29,5143),(5144,1,29,147),(5145,1,29,148),(5146,1,29,149),(5147,1,29,5147),(5148,1,29,153),(5149,1,29,1782),(5150,1,29,5150),(5151,1,29,1101),(5152,1,29,5152),(5153,3,29,666),(5154,2,29,1105),(5155,1,29,5155),(5156,1,29,165),(5157,1,29,5157),(5158,1,29,168),(5159,1,29,2186),(5160,1,29,5160),(5161,15,29,171),(5162,3,29,822),(5163,3,29,175),(5164,2,30,679),(5165,1,30,1035),(5166,1,30,5166),(5167,1,30,5167),(5168,1,30,5168),(5169,1,30,5),(5170,1,30,533),(5171,1,30,5171),(5172,1,30,1132),(5173,1,30,684),(5174,1,30,9),(5175,1,30,2978),(5176,1,30,535),(5177,1,30,1332),(5178,1,30,3961),(5179,1,30,5179),(5180,1,30,2823),(5181,1,30,5181),(5182,1,30,5182),(5183,2,30,5183),(5184,1,30,5184),(5185,2,30,15),(5186,1,30,695),(5187,1,30,19),(5188,1,30,21),(5189,2,30,22),(5190,1,30,5190),(5191,2,30,1150),(5192,1,30,5192),(5193,1,30,24),(5194,1,30,5194),(5195,1,30,5195),(5196,1,30,851),(5197,3,30,3976),(5198,1,30,2082),(5199,1,30,28),(5200,1,30,5200),(5201,1,30,31),(5202,1,30,5202),(5203,1,30,550),(5204,1,30,5204),(5205,1,30,706),(5206,1,30,709),(5207,1,30,5207),(5208,1,30,37),(5209,1,30,1171),(5210,1,30,1949),(5211,2,30,1177),(5212,1,30,5212),(5213,1,30,5213),(5214,2,30,564),(5215,1,30,5215),(5216,1,30,50),(5217,1,30,875),(5218,2,30,53),(5219,3,30,3459),(5220,2,30,5220),(5221,1,30,56),(5222,1,30,58),(5223,1,30,60),(5224,1,30,5224),(5225,1,30,5225),(5226,1,30,1850),(5227,2,30,4533),(5228,1,30,64),(5229,2,30,5229),(5230,1,30,5230),(5231,1,30,5231),(5232,5,30,5232),(5233,1,30,5233),(5234,1,30,66),(5235,2,30,888),(5236,1,30,5236),(5237,1,30,73),(5238,1,30,1214),(5239,1,30,735),(5240,2,30,589),(5241,1,30,5241),(5242,1,30,76),(5243,1,30,5243),(5244,1,30,5244),(5245,1,30,5245),(5246,2,30,1220),(5247,1,30,741),(5248,1,30,78),(5249,1,30,5249),(5250,1,30,81),(5251,2,30,3349),(5252,2,30,745),(5253,1,30,747),(5254,1,30,5254),(5255,1,30,5255),(5256,1,30,601),(5257,14,30,1389),(5258,1,30,5258),(5259,4,30,89),(5260,1,30,5260),(5261,1,30,2127),(5262,1,30,754),(5263,1,30,5263),(5264,1,30,3696),(5265,1,30,5265),(5266,1,30,5266),(5267,5,30,97),(5268,1,30,99),(5269,1,30,5269),(5270,1,30,102),(5271,1,30,5271),(5272,1,30,5272),(5273,2,30,5273),(5274,1,30,106),(5275,1,30,2982),(5276,1,30,5276),(5277,1,30,843),(5278,1,30,5278),(5279,1,30,5279),(5280,1,30,2138),(5281,2,30,107),(5282,1,30,5282),(5283,1,30,773),(5284,1,30,2140),(5285,1,30,114),(5286,1,30,3094),(5287,1,30,117),(5288,1,30,630),(5289,1,30,118),(5290,3,30,119),(5291,1,30,779),(5292,1,30,5292),(5293,1,30,5293),(5294,1,30,5294),(5295,4,30,5295),(5296,1,30,127),(5297,1,30,5297),(5298,1,30,5298),(5299,1,30,5299),(5300,1,30,129),(5301,1,30,3397),(5302,1,30,785),(5303,1,30,2152),(5304,2,30,787),(5305,2,30,3220),(5306,1,30,137),(5307,3,30,792),(5308,1,30,793),(5309,1,30,138),(5310,1,30,5310),(5311,1,30,1285),(5312,1,30,5312),(5313,1,30,5313),(5314,4,30,3536),(5315,1,30,2927),(5316,1,30,5316),(5317,1,30,144),(5318,1,30,145),(5319,1,30,1294),(5320,1,30,802),(5321,1,30,147),(5322,1,30,148),(5323,1,30,1298),(5324,1,30,149),(5325,1,30,150),(5326,1,30,153),(5327,2,30,1786),(5328,1,30,809),(5329,1,30,5329),(5330,1,30,5330),(5331,1,30,5331),(5332,2,30,668),(5333,1,30,1923),(5334,1,30,2537),(5335,1,30,5335),(5336,1,30,165),(5337,2,30,164),(5338,1,30,812),(5339,1,30,2056),(5340,1,30,166),(5341,1,30,3059),(5342,1,30,5342),(5343,1,30,816),(5344,1,30,168),(5345,1,30,2186),(5346,1,30,5346),(5347,1,30,5347),(5348,2,30,2061),(5349,1,30,4353),(5350,1,30,5350),(5351,1,30,5351),(5352,2,30,171),(5353,1,30,1117),(5354,1,30,5354),(5355,1,30,5355),(5356,4,30,822),(5357,4,30,5357),(5358,2,30,5358),(5359,5,30,175),(5360,1,30,2546),(5361,1,31,3563),(5362,1,31,3623),(5363,1,31,3564),(5364,1,31,5364),(5365,1,31,5365),(5366,1,31,3625),(5367,1,31,762),(5368,1,31,5368),(5369,2,31,97),(5370,1,31,99),(5371,1,31,5371),(5372,1,31,102),(5373,2,31,9),(5374,1,31,106),(5375,1,31,2568),(5376,1,31,5376),(5377,1,31,3567),(5378,1,31,5378),(5379,2,31,15),(5380,1,31,108),(5381,1,31,107),(5382,1,31,21),(5383,2,31,22),(5384,1,31,23),(5385,1,31,5385),(5386,1,31,5386),(5387,1,31,24),(5388,1,31,26),(5389,1,31,5389),(5390,1,31,3721),(5391,1,31,114),(5392,1,31,3637),(5393,1,31,5393),(5394,1,31,28),(5395,1,31,119),(5396,1,31,31),(5397,1,31,3579),(5398,1,31,5398),(5399,4,31,123),(5400,1,31,5400),(5401,1,31,33),(5402,1,31,127),(5403,1,31,37),(5404,1,31,5404),(5405,1,31,5405),(5406,1,31,39),(5407,1,31,128),(5408,1,31,3646),(5409,1,31,2496),(5410,2,31,129),(5411,1,31,561),(5412,1,31,711),(5413,1,31,1177),(5414,1,31,44),(5415,1,31,3653),(5416,1,31,2231),(5417,1,31,3652),(5418,1,31,132),(5419,1,31,3654),(5420,1,31,50),(5421,1,31,135),(5422,2,31,53),(5423,1,31,137),(5424,2,31,56),(5425,1,31,3462),(5426,1,31,60),(5427,1,31,138),(5428,1,31,5428),(5429,1,31,5429),(5430,1,31,5430),(5431,1,31,5431),(5432,1,31,3596),(5433,1,31,3658),(5434,1,31,5434),(5435,1,31,3659),(5436,1,31,64),(5437,1,31,3599),(5438,1,31,142),(5439,1,31,144),(5440,1,31,5440),(5441,2,31,66),(5442,1,31,145),(5443,1,31,3670),(5444,1,31,1295),(5445,1,31,68),(5446,1,31,147),(5447,1,31,3607),(5448,1,31,5448),(5449,1,31,148),(5450,1,31,5450),(5451,1,31,73),(5452,1,31,3674),(5453,1,31,149),(5454,1,31,153),(5455,1,31,3679),(5456,1,31,1786),(5457,1,31,76),(5458,1,31,2174),(5459,1,31,5459),(5460,1,31,5460),(5461,1,31,78),(5462,3,31,165),(5463,1,31,5463),(5464,1,31,81),(5465,1,31,745),(5466,1,31,5466),(5467,1,31,168),(5468,1,31,5468),(5469,1,31,3619),(5470,1,31,3685),(5471,2,31,601),(5472,1,31,5472),(5473,4,31,171),(5474,1,31,1321),(5475,2,31,175),(5476,1,31,5476),(5477,1,31,5477),(5478,1,32,5478),(5479,1,32,5479),(5480,1,32,5480),(5481,2,32,5481),(5482,1,32,1128),(5483,1,32,4),(5484,1,32,1131),(5485,1,32,4492),(5486,2,32,9),(5487,1,32,5487),(5488,1,32,5488),(5489,2,32,5489),(5490,2,32,15),(5491,1,32,541),(5492,1,32,21),(5493,2,32,22),(5494,1,32,23),(5495,1,32,24),(5496,1,32,2350),(5497,1,32,2688),(5498,1,32,5498),(5499,1,32,28),(5500,1,32,31),(5501,1,32,550),(5502,1,32,551),(5503,1,32,33),(5504,1,32,554),(5505,1,32,37),(5506,1,32,39),(5507,1,32,2372),(5508,1,32,5508),(5509,1,32,557),(5510,1,32,44),(5511,3,32,2231),(5512,1,32,50),(5513,2,32,51),(5514,2,32,53),(5515,1,32,5515),(5516,1,32,3460),(5517,1,32,5517),(5518,2,32,55),(5519,2,32,56),(5520,1,32,58),(5521,1,32,60),(5522,2,32,2240),(5523,1,32,2861),(5524,1,32,5524),(5525,4,32,3752),(5526,4,32,64),(5527,1,32,5527),(5528,1,32,5528),(5529,3,32,1085),(5530,1,32,65),(5531,1,32,66),(5532,1,32,68),(5533,1,32,73),(5534,1,32,5534),(5535,1,32,1010),(5536,1,32,5536),(5537,1,32,5537),(5538,1,32,76),(5539,1,32,906),(5540,1,32,78),(5541,2,32,595),(5542,1,32,81),(5543,1,32,596),(5544,1,32,5544),(5545,1,32,2433),(5546,1,32,2435),(5547,1,32,751),(5548,1,32,3158),(5549,2,32,5549),(5550,1,32,5550),(5551,1,32,5551),(5552,3,32,96),(5553,5,32,97),(5554,1,32,613),(5555,1,32,99),(5556,1,32,102),(5557,1,32,1726),(5558,1,32,5558),(5559,1,32,106),(5560,2,32,766),(5561,1,32,5561),(5562,1,32,107),(5563,1,32,108),(5564,1,32,773),(5565,1,32,115),(5566,1,32,114),(5567,1,32,5567),(5568,1,32,117),(5569,1,32,119),(5570,2,32,1751),(5571,2,32,857),(5572,1,32,127),(5573,1,32,2490),(5574,1,32,637),(5575,1,32,128),(5576,2,32,129),(5577,1,32,2287),(5578,1,32,5578),(5579,3,32,132),(5580,1,32,137),(5581,1,32,792),(5582,2,32,5582),(5583,1,32,2507),(5584,1,32,5584),(5585,1,32,138),(5586,1,32,5586),(5587,1,32,5587),(5588,1,32,142),(5589,1,32,1084),(5590,1,32,144),(5591,1,32,145),(5592,1,32,803),(5593,1,32,147),(5594,1,32,148),(5595,1,32,5595),(5596,1,32,149),(5597,1,32,153),(5598,1,32,1785),(5599,2,32,5599),(5600,1,32,1014),(5601,1,32,5601),(5602,2,32,2537),(5603,3,32,164),(5604,1,32,165),(5605,1,32,2310),(5606,1,32,2056),(5607,2,32,816),(5608,1,32,168),(5609,1,32,5609),(5610,1,32,820),(5611,1,32,5611),(5612,4,32,171),(5613,4,32,2545),(5614,2,32,175),(5615,1,33,2062),(5616,5,33,1035),(5617,3,33,5617),(5618,1,33,924),(5619,1,33,5619),(5620,1,33,4),(5621,1,33,531),(5622,1,33,3291),(5623,1,33,5623),(5624,3,33,5624),(5625,2,33,3082),(5626,1,33,5626),(5627,2,33,5627),(5628,1,33,2823),(5629,2,33,5629),(5630,2,33,5630),(5631,1,33,5631),(5632,2,33,5632),(5633,2,33,15),(5634,11,33,1048),(5635,1,33,21),(5636,2,33,22),(5637,1,33,24),(5638,1,33,5638),(5639,3,33,3189),(5640,1,33,5640),(5641,2,33,548),(5642,1,33,1344),(5643,1,33,5643),(5644,6,33,550),(5645,1,33,1062),(5646,1,33,1063),(5647,1,33,3203),(5648,2,33,552),(5649,1,33,39),(5650,2,33,556),(5651,2,33,558),(5652,1,33,1670),(5653,1,33,1175),(5654,2,33,53),(5655,1,33,55),(5656,1,33,56),(5657,1,33,58),(5658,1,33,575),(5659,2,33,5659),(5660,4,33,3118),(5661,1,33,5661),(5662,1,33,5662),(5663,1,33,5663),(5664,2,33,1850),(5665,3,33,3755),(5666,1,33,64),(5667,1,33,884),(5668,3,33,1085),(5669,4,33,579),(5670,1,33,66),(5671,1,33,3842),(5672,1,33,68),(5673,2,33,5673),(5674,1,33,585),(5675,1,33,5675),(5676,2,33,589),(5677,4,33,2729),(5678,1,33,591),(5679,1,33,1219),(5680,1,33,5680),(5681,1,33,594),(5682,2,33,5682),(5683,2,33,5683),(5684,1,33,915),(5685,3,33,5685),(5686,7,33,3353),(5687,1,33,4413),(5688,1,33,5688),(5689,2,33,602),(5690,3,33,1230),(5691,6,33,601),(5692,2,33,5692),(5693,1,33,5693),(5694,1,33,3782),(5695,2,33,4057),(5696,1,33,4059),(5697,2,33,93),(5698,1,33,5698),(5699,12,33,3695),(5700,1,33,5700),(5701,26,33,97),(5702,2,33,5702),(5703,1,33,102),(5704,1,33,5704),(5705,1,33,618),(5706,1,33,5706),(5707,1,33,2982),(5708,1,33,5708),(5709,1,33,5709),(5710,2,33,4428),(5711,1,33,108),(5712,1,33,113),(5713,1,33,114),(5714,1,33,626),(5715,2,33,3637),(5716,1,33,5716),(5717,1,33,118),(5718,1,33,2592),(5719,1,33,2768),(5720,1,33,3730),(5721,1,33,5721),(5722,2,33,2488),(5723,1,33,128),(5724,5,33,4446),(5725,1,33,130),(5726,1,33,2496),(5727,2,33,129),(5728,2,33,5728),(5729,1,33,5729),(5730,1,33,3399),(5731,1,33,5731),(5732,1,33,5732),(5733,1,33,133),(5734,1,33,4450),(5735,1,33,137),(5736,1,33,5736),(5737,7,33,5737),(5738,1,33,5738),(5739,1,33,2511),(5740,1,33,5740),(5741,2,33,4454),(5742,1,33,3915),(5743,1,33,5743),(5744,1,33,5744),(5745,1,33,142),(5746,1,33,5746),(5747,1,33,5747),(5748,2,33,5748),(5749,2,33,5749),(5750,1,33,5750),(5751,1,33,1294),(5752,1,33,147),(5753,1,33,5753),(5754,1,33,148),(5755,1,33,5755),(5756,1,33,5756),(5757,6,33,1776),(5758,1,33,149),(5759,1,33,5759),(5760,2,33,1782),(5761,1,33,5761),(5762,1,33,661),(5763,3,33,662),(5764,6,33,2173),(5765,1,33,2174),(5766,16,33,668),(5767,1,33,4470),(5768,2,33,5768),(5769,3,33,1795),(5770,1,33,5770),(5771,1,33,2182),(5772,4,33,5772),(5773,3,33,171),(5774,1,33,5774),(5775,1,33,5775),(5776,1,33,4481),(5777,1,33,5777),(5778,1,33,5778),(5779,3,33,175),(5780,1,33,1120),(5781,2,33,5781),(5782,1,33,5782),(5783,1,33,4486),(5784,1,33,4487),(5785,1,33,5785),(5786,3,33,680),(5787,1,33,5787),(5788,1,33,4491),(5789,1,33,5789),(5790,1,33,683),(5791,2,33,3703),(5792,1,33,1330),(5793,1,33,1931),(5794,2,33,9),(5795,1,33,5795),(5796,1,33,1137),(5797,1,33,5797),(5798,2,33,11),(5799,2,33,1937),(5800,2,33,693),(5801,1,33,3178),(5802,1,33,23),(5803,1,33,3810),(5804,2,33,1156),(5805,1,33,4181),(5806,1,33,2688),(5807,1,33,5807),(5808,1,33,5808),(5809,1,33,5809),(5810,1,33,28),(5811,1,33,31),(5812,2,33,5812),(5813,1,33,3447),(5814,2,33,706),(5815,1,33,33),(5816,1,33,37),(5817,1,33,5817),(5818,1,33,2228),(5819,12,33,711),(5820,1,33,44),(5821,1,33,2380),(5822,1,33,5822),(5823,5,33,2231),(5824,2,33,5824),(5825,2,33,2233),(5826,1,33,50),(5827,1,33,5827),(5828,1,33,5828),(5829,6,33,3459),(5830,1,33,5830),(5831,1,33,3462),(5832,1,33,60),(5833,1,33,5833),(5834,4,33,2238),(5835,1,33,5835),(5836,1,33,1687),(5837,2,33,4533),(5838,3,33,1688),(5839,3,33,4224),(5840,2,33,5840),(5841,1,33,5841),(5842,1,33,5842),(5843,1,33,5843),(5844,2,33,3249),(5845,1,33,727),(5846,1,33,2247),(5847,3,33,73),(5848,2,33,3845),(5849,4,33,4544),(5850,2,33,5850),(5851,3,33,735),(5852,1,33,76),(5853,4,33,3852),(5854,1,33,5854),(5855,1,33,5855),(5856,3,33,1220),(5857,1,33,78),(5858,7,33,5858),(5859,1,33,79),(5860,1,33,81),(5861,8,33,5861),(5862,1,33,5862),(5863,2,33,82),(5864,1,33,4557),(5865,1,33,5865),(5866,1,33,5866),(5867,2,33,96),(5868,1,33,99),(5869,1,33,5869),(5870,1,33,5271),(5871,1,33,5871),(5872,3,33,106),(5873,1,33,5873),(5874,1,33,5874),(5875,1,33,4573),(5876,1,33,1252),(5877,17,33,843),(5878,1,33,5878),(5879,1,33,5879),(5880,1,33,5880),(5881,1,33,107),(5882,1,33,5882),(5883,4,33,4581),(5884,11,33,5884),(5885,1,33,5885),(5886,26,33,3514),(5887,1,33,119),(5888,1,33,3098),(5889,1,33,127),(5890,31,33,4594),(5891,1,33,2501),(5892,5,33,2289),(5893,1,33,4596),(5894,1,33,792),(5895,1,33,5895),(5896,1,33,3528),(5897,1,33,3227),(5898,1,33,138),(5899,1,33,5899),(5900,2,33,2514),(5901,1,33,1079),(5902,1,33,3533),(5903,2,33,3536),(5904,1,33,1288),(5905,1,33,144),(5906,1,33,5906),(5907,1,33,145),(5908,1,33,5908),(5909,2,33,5909),(5910,1,33,2040),(5911,1,33,5911),(5912,1,33,2302),(5913,1,33,153),(5914,1,33,809),(5915,2,33,4616),(5916,1,33,5916),(5917,1,33,5917),(5918,1,33,1013),(5919,1,33,4618),(5920,1,33,165),(5921,1,33,812),(5922,1,33,3274),(5923,1,33,5923),(5924,2,33,3556),(5925,1,33,3059),(5926,10,33,3060),(5927,1,33,817),(5928,1,33,168),(5929,3,33,2060),(5930,1,33,2318),(5931,1,33,4353),(5932,2,33,3561),(5933,1,33,5933),(5934,2,33,1465),(5935,1,36,5935),(5936,6,36,1034),(5937,1,36,5937),(5938,3,36,4),(5939,1,36,5939),(5940,1,36,684),(5941,1,36,9),(5942,1,36,938),(5943,1,36,5943),(5944,1,36,5944),(5945,2,36,3961),(5946,1,36,2823),(5947,1,36,690),(5948,1,36,5948),(5949,2,36,15),(5950,1,36,5950),(5951,1,36,5951),(5952,1,36,5952),(5953,1,36,5953),(5954,1,36,21),(5955,2,36,22),(5956,1,36,23),(5957,6,36,1150),(5958,1,36,5958),(5959,1,36,2077),(5960,1,36,24),(5961,1,36,5961),(5962,2,36,1819),(5963,1,36,5963),(5964,1,36,5964),(5965,1,36,5965),(5966,1,36,28),(5967,1,36,4189),(5968,1,36,31),(5969,1,36,5969),(5970,1,36,33),(5971,1,36,37),(5972,1,36,1170),(5973,1,36,39),(5974,1,36,556),(5975,1,36,973),(5976,1,36,5976),(5977,5,36,2228),(5978,10,36,1177),(5979,1,36,5979),(5980,1,36,5980),(5981,8,36,5981),(5982,7,36,5982),(5983,1,36,50),(5984,1,36,5984),(5985,2,36,53),(5986,1,36,3116),(5987,1,36,56),(5988,1,36,3229),(5989,1,36,60),(5990,1,36,5659),(5991,1,36,2862),(5992,1,36,5992),(5993,1,36,1687),(5994,1,36,5994),(5995,1,36,5995),(5996,1,36,5996),(5997,1,36,5997),(5998,1,36,64),(5999,1,36,1368),(6000,1,36,6000),(6001,1,36,6001),(6002,1,36,6002),(6003,1,36,6003),(6004,1,36,6004),(6005,10,36,888),(6006,1,36,66),(6007,2,36,1205),(6008,1,36,6008),(6009,9,36,2244),(6010,1,36,68),(6011,1,36,6011),(6012,1,36,6012),(6013,1,36,73),(6014,1,36,6014),(6015,1,36,6015),(6016,1,36,6016),(6017,1,36,1010),(6018,2,36,2115),(6019,1,36,6019),(6020,1,36,6020),(6021,1,36,76),(6022,1,36,6022),(6023,1,36,78),(6024,1,36,81),(6025,1,36,6025),(6026,1,36,6026),(6027,2,36,601),(6028,1,36,6028),(6029,1,36,6029),(6030,2,36,3158),(6031,1,36,6031),(6032,1,36,4060),(6033,1,36,6033),(6034,1,36,6034),(6035,1,36,6035),(6036,1,36,6036),(6037,1,36,6037),(6038,1,36,6038),(6039,1,36,6039),(6040,1,36,6040),(6041,1,36,762),(6042,1,36,97),(6043,1,36,99),(6044,2,36,2748),(6045,1,36,102),(6046,1,36,1042),(6047,1,36,106),(6048,2,36,1406),(6049,1,36,6049),(6050,3,36,766),(6051,1,36,6051),(6052,1,36,6052),(6053,1,36,1253),(6054,1,36,843),(6055,1,36,6055),(6056,1,36,6056),(6057,1,36,6057),(6058,1,36,6058),(6059,1,36,6059),(6060,1,36,953),(6061,1,36,6061),(6062,1,36,6062),(6063,1,36,6063),(6064,1,36,2140),(6065,1,36,1412),(6066,1,36,114),(6067,1,36,3094),(6068,4,36,118),(6069,1,36,119),(6070,1,36,6070),(6071,1,36,6071),(6072,1,36,6072),(6073,1,36,6073),(6074,1,36,127),(6075,1,36,6075),(6076,2,36,129),(6077,1,36,6077),(6078,1,36,6078),(6079,2,36,6079),(6080,1,36,6080),(6081,1,36,984),(6082,1,36,792),(6083,1,36,137),(6084,4,36,793),(6085,1,36,6085),(6086,1,36,6086),(6087,1,36,6087),(6088,1,36,138),(6089,1,36,6089),(6090,1,36,6090),(6091,1,36,6091),(6092,1,36,6092),(6093,1,36,144),(6094,1,36,145),(6095,3,36,1436),(6096,1,36,1295),(6097,1,36,147),(6098,1,36,1002),(6099,1,36,148),(6100,1,36,6100),(6101,1,36,1004),(6102,1,36,6102),(6103,1,36,149),(6104,1,36,1008),(6105,1,36,153),(6106,2,36,6106),(6107,1,36,6107),(6108,1,36,661),(6109,1,36,6109),(6110,1,36,162),(6111,1,36,2174),(6112,1,36,1923),(6113,1,36,165),(6114,1,36,6114),(6115,1,36,6115),(6116,1,36,5013),(6117,1,36,1022),(6118,1,36,6118),(6119,1,36,168),(6120,1,36,6120),(6121,1,36,6121),(6122,1,36,6122),(6123,2,36,6123),(6124,3,36,171),(6125,1,36,6125),(6126,1,36,6126),(6127,1,36,1030),(6128,1,36,6128),(6129,1,36,6129),(6130,2,36,175),(6131,1,36,6131),(6132,5,37,1393),(6133,1,37,6133),(6134,1,37,6134),(6135,3,37,97),(6136,1,37,99),(6137,1,37,102),(6138,1,37,1402),(6139,2,37,9),(6140,1,37,6140),(6141,1,37,1332),(6142,2,37,1042),(6143,1,37,1404),(6144,1,37,616),(6145,1,37,536),(6146,1,37,106),(6147,1,37,1406),(6148,1,37,6148),(6149,2,37,688),(6150,1,37,6150),(6151,4,37,691),(6152,2,37,15),(6153,1,37,6153),(6154,1,37,108),(6155,1,37,107),(6156,1,37,6156),(6157,1,37,6157),(6158,1,37,21),(6159,2,37,22),(6160,1,37,23),(6161,1,37,24),(6162,1,37,6162),(6163,1,37,1260),(6164,1,37,2217),(6165,1,37,699),(6166,8,37,1412),(6167,1,37,114),(6168,1,37,6168),(6169,1,37,6169),(6170,1,37,626),(6171,1,37,625),(6172,1,37,624),(6173,1,37,4289),(6174,1,37,116),(6175,4,37,117),(6176,1,37,28),(6177,1,37,2280),(6178,1,37,6178),(6179,1,37,119),(6180,1,37,31),(6181,2,37,2364),(6182,1,37,550),(6183,6,37,123),(6184,1,37,706),(6185,1,37,33),(6186,1,37,6186),(6187,1,37,127),(6188,1,37,37),(6189,1,37,39),(6190,1,37,128),(6191,1,37,2773),(6192,1,37,3310),(6193,3,37,2375),(6194,2,37,129),(6195,2,37,6195),(6196,1,37,44),(6197,1,37,6197),(6198,1,37,3217),(6199,1,37,6199),(6200,2,37,132),(6201,1,37,49),(6202,1,37,6202),(6203,1,37,50),(6204,1,37,51),(6205,2,37,53),(6206,1,37,6206),(6207,1,37,792),(6208,1,37,137),(6209,1,37,6209),(6210,1,37,56),(6211,1,37,58),(6212,1,37,6212),(6213,1,37,60),(6214,1,37,138),(6215,1,37,6215),(6216,1,37,576),(6217,1,37,1431),(6218,1,37,2627),(6219,3,37,6219),(6220,1,37,64),(6221,2,37,141),(6222,1,37,142),(6223,1,37,6223),(6224,1,37,579),(6225,1,37,144),(6226,1,37,66),(6227,1,37,145),(6228,1,37,6228),(6229,1,37,6229),(6230,1,37,68),(6231,1,37,147),(6232,1,37,148),(6233,1,37,73),(6234,1,37,149),(6235,1,37,6235),(6236,1,37,6236),(6237,1,37,153),(6238,2,37,3048),(6239,1,37,6239),(6240,1,37,6240),(6241,1,37,74),(6242,1,37,159),(6243,1,37,76),(6244,1,37,665),(6245,2,37,591),(6246,1,37,2425),(6247,1,37,3417),(6248,1,37,78),(6249,1,37,165),(6250,1,37,81),(6251,1,37,6251),(6252,1,37,915),(6253,1,37,84),(6254,1,37,168),(6255,1,37,6255),(6256,1,37,6256),(6257,4,37,171),(6258,3,37,175),(6259,1,38,1927),(6260,1,38,6260),(6261,2,38,1124),(6262,1,38,2328),(6263,1,38,6263),(6264,1,38,3292),(6265,1,38,4155),(6266,1,38,684),(6267,5,38,9),(6268,1,38,1332),(6269,2,38,536),(6270,1,38,686),(6271,1,38,688),(6272,1,38,689),(6273,1,38,1650),(6274,1,38,692),(6275,2,38,15),(6276,1,38,16),(6277,1,38,21),(6278,2,38,22),(6279,1,38,23),(6280,1,38,24),(6281,1,38,6281),(6282,2,38,547),(6283,1,38,1343),(6284,1,38,1662),(6285,1,38,28),(6286,1,38,6286),(6287,1,38,31),(6288,3,38,6288),(6289,2,38,6289),(6290,2,38,1945),(6291,1,38,6291),(6292,1,38,706),(6293,1,38,33),(6294,1,38,709),(6295,1,38,37),(6296,1,38,1170),(6297,1,38,6297),(6298,1,38,39),(6299,1,38,558),(6300,1,38,1670),(6301,1,38,6301),(6302,1,38,1949),(6303,1,38,44),(6304,1,38,563),(6305,1,38,6305),(6306,1,38,715),(6307,1,38,716),(6308,1,38,1675),(6309,2,38,1674),(6310,1,38,2092),(6311,1,38,1844),(6312,2,38,1359),(6313,1,38,50),(6314,2,38,53),(6315,1,38,56),(6316,1,38,59),(6317,1,38,60),(6318,1,38,575),(6319,1,38,6319),(6320,1,38,6320),(6321,1,38,2862),(6322,1,38,5995),(6323,2,38,576),(6324,2,38,1200),(6325,1,38,2103),(6326,9,38,64),(6327,1,38,1690),(6328,1,38,2402),(6329,1,38,1691),(6330,1,38,2107),(6331,1,38,66),(6332,1,38,3842),(6333,1,38,6333),(6334,3,38,723),(6335,1,38,1854),(6336,1,38,68),(6337,1,38,725),(6338,1,38,6338),(6339,2,38,73),(6340,1,38,6340),(6341,1,38,586),(6342,1,38,76),(6343,1,38,1702),(6344,1,38,591),(6345,1,38,6345),(6346,1,38,77),(6347,1,38,737),(6348,1,38,593),(6349,1,38,740),(6350,1,38,6350),(6351,1,38,78),(6352,1,38,1706),(6353,1,38,81),(6354,1,38,6354),(6355,1,38,6355),(6356,1,38,749),(6357,1,38,3355),(6358,1,38,751),(6359,1,38,6359),(6360,1,38,606),(6361,2,38,1237),(6362,1,38,757),(6363,1,38,96),(6364,1,38,1871),(6365,4,38,97),(6366,1,38,99),(6367,1,38,6367),(6368,1,38,102),(6369,1,38,1402),(6370,1,38,1726),(6371,1,38,105),(6372,1,38,615),(6373,2,38,106),(6374,1,38,6374),(6375,1,38,1730),(6376,2,38,766),(6377,1,38,767),(6378,2,38,6378),(6379,1,38,108),(6380,1,38,107),(6381,1,38,621),(6382,1,38,111),(6383,1,38,622),(6384,1,38,2990),(6385,4,38,6385),(6386,1,38,6386),(6387,1,38,1262),(6388,1,38,1739),(6389,1,38,1413),(6390,1,38,114),(6391,2,38,626),(6392,1,38,1741),(6393,1,38,6393),(6394,1,38,116),(6395,1,38,777),(6396,1,38,117),(6397,1,38,630),(6398,1,38,2477),(6399,1,38,119),(6400,1,38,1272),(6401,2,38,122),(6402,1,38,6402),(6403,1,38,125),(6404,1,38,6404),(6405,1,38,6405),(6406,5,38,126),(6407,1,38,127),(6408,1,38,128),(6409,1,38,6409),(6410,2,38,129),(6411,1,38,2917),(6412,1,38,1279),(6413,3,38,132),(6414,2,38,787),(6415,1,38,6415),(6416,1,38,136),(6417,1,38,135),(6418,1,38,137),(6419,3,38,792),(6420,1,38,643),(6421,1,38,6421),(6422,1,38,6422),(6423,1,38,138),(6424,1,38,6424),(6425,1,38,646),(6426,2,38,2295),(6427,1,38,797),(6428,1,38,142),(6429,1,38,6429),(6430,1,38,6430),(6431,2,38,144),(6432,1,38,6432),(6433,1,38,145),(6434,1,38,1294),(6435,1,38,147),(6436,1,38,148),(6437,1,38,6437),(6438,1,38,657),(6439,1,38,149),(6440,1,38,151),(6441,2,38,150),(6442,1,38,153),(6443,1,38,4128),(6444,1,38,1785),(6445,1,38,6445),(6446,2,38,809),(6447,1,38,1789),(6448,2,38,6448),(6449,1,38,6449),(6450,1,38,6450),(6451,1,38,1791),(6452,1,38,669),(6453,2,38,165),(6454,1,38,2055),(6455,2,38,1796),(6456,1,38,672),(6457,1,38,673),(6458,1,38,168),(6459,3,38,1459),(6460,1,38,6460),(6461,1,38,6461),(6462,1,38,6462),(6463,1,38,6463),(6464,1,38,6464),(6465,1,38,6465),(6466,1,38,5772),(6467,1,38,1800),(6468,2,38,676),(6469,3,38,171),(6470,1,38,6470),(6471,1,38,1803),(6472,1,38,6126),(6473,2,38,175),(6474,2,39,679),(6475,3,39,1035),(6476,6,39,528),(6477,1,39,6477),(6478,1,39,6478),(6479,1,39,6479),(6480,1,39,4),(6481,1,39,533),(6482,5,39,684),(6483,2,39,9),(6484,1,39,1332),(6485,1,39,6485),(6486,2,39,536),(6487,1,39,11),(6488,1,39,6488),(6489,1,39,688),(6490,1,39,691),(6491,2,39,15),(6492,1,39,693),(6493,1,39,19),(6494,1,39,6494),(6495,1,39,21),(6496,2,39,22),(6497,1,39,23),(6498,1,39,6498),(6499,1,39,24),(6500,1,39,26),(6501,1,39,6501),(6502,1,39,6168),(6503,1,39,548),(6504,1,39,547),(6505,1,39,6505),(6506,1,39,28),(6507,1,39,31),(6508,2,39,550),(6509,2,39,706),(6510,1,39,33),(6511,1,39,6511),(6512,1,39,37),(6513,1,39,6513),(6514,1,39,39),(6515,3,39,711),(6516,1,39,561),(6517,3,39,42),(6518,1,39,44),(6519,1,39,562),(6520,1,39,45),(6521,2,39,2233),(6522,1,39,50),(6523,1,39,6523),(6524,1,39,51),(6525,2,39,53),(6526,1,39,56),(6527,1,39,60),(6528,3,39,6528),(6529,3,39,881),(6530,1,39,6530),(6531,1,39,64),(6532,1,39,6532),(6533,1,39,2106),(6534,1,39,888),(6535,1,39,66),(6536,3,39,65),(6537,1,39,2110),(6538,1,39,68),(6539,1,39,583),(6540,1,39,6540),(6541,1,39,73),(6542,1,39,1010),(6543,1,39,6543),(6544,1,39,76),(6545,1,39,591),(6546,1,39,739),(6547,3,39,2425),(6548,1,39,6548),(6549,1,39,78),(6550,2,39,596),(6551,1,39,81),(6552,1,39,6255),(6553,1,39,599),(6554,1,39,4414),(6555,2,39,601),(6556,1,39,1866),(6557,2,39,3158),(6558,1,39,6558),(6559,1,39,5550),(6560,1,39,95),(6561,1,39,6561),(6562,1,39,6562),(6563,1,39,96),(6564,2,39,762),(6565,1,39,6565),(6566,3,39,97),(6567,1,39,99),(6568,1,39,102),(6569,1,39,6569),(6570,1,39,616),(6571,1,39,106),(6572,1,39,1406),(6573,1,39,6148),(6574,1,39,3175),(6575,1,39,5878),(6576,1,39,108),(6577,3,39,107),(6578,1,39,111),(6579,1,39,2005),(6580,2,39,2757),(6581,4,39,1262),(6582,1,39,2010),(6583,1,39,1413),(6584,1,39,114),(6585,2,39,626),(6586,1,39,624),(6587,1,39,115),(6588,1,39,6588),(6589,3,39,117),(6590,1,39,1888),(6591,1,39,6591),(6592,1,39,119),(6593,3,39,123),(6594,2,39,2768),(6595,1,39,2020),(6596,1,39,124),(6597,1,39,781),(6598,1,39,127),(6599,1,39,6599),(6600,1,39,128),(6601,2,39,129),(6602,1,39,6199),(6603,6,39,132),(6604,5,39,787),(6605,1,39,792),(6606,1,39,645),(6607,1,39,137),(6608,1,39,1075),(6609,1,39,138),(6610,1,39,5738),(6611,1,39,1431),(6612,1,39,2627),(6613,1,39,6613),(6614,1,39,141),(6615,1,39,142),(6616,1,39,2932),(6617,1,39,6617),(6618,2,39,144),(6619,1,39,145),(6620,1,39,6620),(6621,1,39,147),(6622,1,39,148),(6623,1,39,2796),(6624,1,39,149),(6625,1,39,150),(6626,1,39,6236),(6627,1,39,153),(6628,2,39,6628),(6629,1,39,159),(6630,2,39,1450),(6631,1,39,665),(6632,1,39,810),(6633,1,39,2800),(6634,1,39,6634),(6635,7,39,667),(6636,1,39,6636),(6637,4,39,164),(6638,1,39,165),(6639,1,39,812),(6640,1,39,6640),(6641,1,39,168),(6642,3,39,2186),(6643,1,39,6643),(6644,3,39,171),(6645,1,39,6645),(6646,1,39,1321),(6647,4,39,175),(6648,1,39,6648),(6649,1,40,6649),(6650,2,40,679),(6651,1,40,6651),(6652,1,40,1126),(6653,1,40,4),(6654,1,40,1128),(6655,1,40,5),(6656,1,40,3949),(6657,1,40,531),(6658,1,40,6658),(6659,1,40,682),(6660,1,40,1132),(6661,1,40,2067),(6662,1,40,535),(6663,3,40,6663),(6664,1,40,5488),(6665,1,40,2070),(6666,1,40,688),(6667,1,40,1138),(6668,2,40,15),(6669,1,40,6669),(6670,3,40,693),(6671,1,40,2212),(6672,1,40,1815),(6673,1,40,21),(6674,2,40,22),(6675,1,40,6675),(6676,1,40,6676),(6677,1,40,24),(6678,1,40,1818),(6679,1,40,2216),(6680,1,40,955),(6681,1,40,3189),(6682,1,40,1660),(6683,1,40,1156),(6684,1,40,700),(6685,1,40,548),(6686,1,40,1158),(6687,1,40,3977),(6688,1,40,6688),(6689,1,40,31),(6690,3,40,550),(6691,1,40,2598),(6692,1,40,37),(6693,1,40,6693),(6694,2,40,561),(6695,1,40,563),(6696,3,40,6696),(6697,1,40,6697),(6698,1,40,713),(6699,1,40,2233),(6700,1,40,1181),(6701,2,40,566),(6702,1,40,47),(6703,1,40,50),(6704,1,40,1358),(6705,1,40,6705),(6706,1,40,6706),(6707,2,40,53),(6708,1,40,6708),(6709,1,40,56),(6710,2,40,6710),(6711,2,40,58),(6712,1,40,2626),(6713,1,40,720),(6714,1,40,6714),(6715,1,40,64),(6716,1,40,6532),(6717,1,40,3125),(6718,1,40,993),(6719,3,40,2108),(6720,1,40,6720),(6721,1,40,6721),(6722,1,40,66),(6723,1,40,65),(6724,1,40,3334),(6725,1,40,892),(6726,1,40,3335),(6727,1,40,6727),(6728,1,40,1210),(6729,1,40,6729),(6730,1,40,74),(6731,1,40,1214),(6732,1,40,588),(6733,1,40,589),(6734,1,40,76),(6735,1,40,739),(6736,1,40,593),(6737,3,40,1220),(6738,2,40,78),(6739,2,40,79),(6740,1,40,1981),(6741,1,40,81),(6742,1,40,6742),(6743,1,40,84),(6744,1,40,749),(6745,1,40,1713),(6746,1,40,4414),(6747,1,40,602),(6748,2,40,601),(6749,2,40,6749),(6750,1,40,6750),(6751,1,40,754),(6752,10,40,756),(6753,1,40,93),(6754,1,40,6754),(6755,3,40,95),(6756,1,40,6756),(6757,1,40,6757),(6758,2,40,6758),(6759,1,40,96),(6760,5,40,97),(6761,1,40,99),(6762,1,40,6762),(6763,1,40,102),(6764,1,40,5869),(6765,1,40,6765),(6766,4,40,6766),(6767,1,40,617),(6768,2,40,1406),(6769,1,40,3370),(6770,1,40,6770),(6771,1,40,2984),(6772,1,40,6772),(6773,1,40,2463),(6774,1,40,6774),(6775,2,40,114),(6776,1,40,6776),(6777,1,40,115),(6778,1,40,625),(6779,1,40,2012),(6780,1,40,624),(6781,1,40,4289),(6782,1,40,776),(6783,1,40,6783),(6784,1,40,779),(6785,1,40,119),(6786,1,40,122),(6787,2,40,123),(6788,3,40,2281),(6789,2,40,2282),(6790,1,40,6790),(6791,1,40,127),(6792,1,40,6792),(6793,1,40,129),(6794,1,40,1892),(6795,2,40,6795),(6796,2,40,3217),(6797,2,40,135),(6798,1,40,137),(6799,1,40,792),(6800,1,40,2507),(6801,2,40,1285),(6802,1,40,1430),(6803,1,40,6803),(6804,1,40,647),(6805,1,40,6805),(6806,2,40,2160),(6807,1,40,6807),(6808,1,40,1084),(6809,1,40,6809),(6810,1,40,6810),(6811,1,40,2932),(6812,1,40,1903),(6813,3,40,144),(6814,1,40,145),(6815,1,40,6815),(6816,1,40,803),(6817,1,40,148),(6818,1,40,6818),(6819,1,40,6819),(6820,2,40,150),(6821,1,40,153),(6822,2,40,6822),(6823,1,40,807),(6824,1,40,157),(6825,1,40,1915),(6826,1,40,6826),(6827,1,40,1450),(6828,1,40,666),(6829,1,40,810),(6830,3,40,669),(6831,1,40,812),(6832,1,40,165),(6833,1,40,6833),(6834,1,40,3059),(6835,1,40,168),(6836,1,40,6836),(6837,2,40,2183),(6838,1,40,6838),(6839,1,40,2186),(6840,1,40,6840),(6841,2,40,6841),(6842,1,40,6842),(6843,7,40,171),(6844,1,40,2192),(6845,1,40,6845),(6846,1,40,6846),(6847,1,40,175),(6848,1,41,6848),(6849,1,41,1034),(6850,1,41,4),(6851,2,41,6851),(6852,1,41,6852),(6853,1,41,6853),(6854,1,41,9),(6855,1,41,2978),(6856,1,41,535),(6857,1,41,6857),(6858,1,41,934),(6859,1,41,1936),(6860,1,41,10),(6861,1,41,6861),(6862,2,41,15),(6863,2,41,2985),(6864,2,41,2075),(6865,1,41,6865),(6866,1,41,21),(6867,2,41,22),(6868,1,41,23),(6869,2,41,1150),(6870,1,41,6870),(6871,1,41,6871),(6872,1,41,24),(6873,1,41,6873),(6874,1,41,26),(6875,1,41,2217),(6876,1,41,1053),(6877,1,41,1158),(6878,1,41,28),(6879,1,41,6879),(6880,2,41,5643),(6881,1,41,31),(6882,3,41,550),(6883,1,41,6883),(6884,1,41,6884),(6885,1,41,33),(6886,1,41,2368),(6887,1,41,6887),(6888,1,41,37),(6889,1,41,556),(6890,11,41,39),(6891,1,41,6891),(6892,1,41,2375),(6893,2,41,711),(6894,2,41,563),(6895,1,41,564),(6896,2,41,2092),(6897,1,41,50),(6898,2,41,53),(6899,1,41,6899),(6900,4,41,56),(6901,1,41,573),(6902,1,41,60),(6903,2,41,2238),(6904,2,41,576),(6905,1,41,721),(6906,2,41,3235),(6907,1,41,6907),(6908,2,41,64),(6909,1,41,6909),(6910,1,41,66),(6911,1,41,723),(6912,1,41,68),(6913,1,41,724),(6914,1,41,73),(6915,1,41,3259),(6916,1,41,6916),(6917,1,41,6917),(6918,1,41,1010),(6919,5,41,3048),(6920,1,41,3049),(6921,1,41,74),(6922,2,41,588),(6923,2,41,735),(6924,1,41,76),(6925,1,41,3143),(6926,1,41,593),(6927,1,41,6927),(6928,1,41,6928),(6929,1,41,78),(6930,1,41,81),(6931,1,41,2433),(6932,2,41,1230),(6933,6,41,601),(6934,1,41,6934),(6935,2,41,91),(6936,2,41,754),(6937,3,41,827),(6938,1,41,6938),(6939,1,41,97),(6940,1,41,99),(6941,1,41,6941),(6942,1,41,101),(6943,1,41,102),(6944,5,41,930),(6945,1,41,1402),(6946,1,41,2003),(6947,1,41,106),(6948,3,41,4920),(6949,1,41,2458),(6950,1,41,3088),(6951,1,41,2994),(6952,1,41,114),(6953,1,41,624),(6954,1,41,626),(6955,2,41,4289),(6956,1,41,6956),(6957,1,41,117),(6958,1,41,119),(6959,1,41,6959),(6960,1,41,123),(6961,1,41,127),(6962,1,41,128),(6963,2,41,129),(6964,1,41,130),(6965,7,41,2025),(6966,1,41,4594),(6967,2,41,132),(6968,1,41,6968),(6969,2,41,135),(6970,1,41,137),(6971,1,41,792),(6972,3,41,1075),(6973,1,41,793),(6974,1,41,138),(6975,2,41,2510),(6976,1,41,647),(6977,1,41,1431),(6978,1,41,2627),(6979,1,41,6979),(6980,1,41,6980),(6981,1,41,144),(6982,1,41,145),(6983,2,41,1294),(6984,1,41,1295),(6985,1,41,6985),(6986,1,41,147),(6987,1,41,148),(6988,2,41,1440),(6989,1,41,149),(6990,1,41,153),(6991,1,41,152),(6992,1,41,6992),(6993,1,41,5330),(6994,1,41,2044),(6995,1,41,2171),(6996,2,41,2174),(6997,1,41,165),(6998,3,41,812),(6999,2,41,166),(7000,1,41,168),(7001,1,41,5611),(7002,2,41,171),(7003,1,41,7003),(7004,1,41,822),(7005,2,41,175),(7006,1,42,679),(7007,1,42,7007),(7008,1,42,7008),(7009,1,42,7009),(7010,1,42,7010),(7011,1,42,2),(7012,2,42,5),(7013,1,42,97),(7014,1,42,99),(7015,2,42,2749),(7016,1,42,3291),(7017,1,42,102),(7018,1,42,7018),(7019,1,42,1042),(7020,1,42,617),(7021,1,42,5488),(7022,1,42,1937),(7023,1,42,7023),(7024,2,42,15),(7025,1,42,693),(7026,1,42,19),(7027,1,42,21),(7028,2,42,22),(7029,1,42,23),(7030,1,42,24),(7031,1,42,7031),(7032,1,42,1413),(7033,1,42,114),(7034,3,42,115),(7035,2,42,2013),(7036,1,42,7036),(7037,1,42,119),(7038,1,42,31),(7039,1,42,6288),(7040,2,42,123),(7041,2,42,550),(7042,1,42,7042),(7043,1,42,33),(7044,1,42,552),(7045,1,42,127),(7046,1,42,37),(7047,3,42,2023),(7048,1,42,39),(7049,1,42,556),(7050,2,42,635),(7051,1,42,7051),(7052,1,42,7052),(7053,2,42,129),(7054,2,42,711),(7055,1,42,7055),(7056,1,42,7056),(7057,1,42,7057),(7058,1,42,50),(7059,2,42,53),(7060,1,42,137),(7061,1,42,56),(7062,1,42,2507),(7063,1,42,1193),(7064,1,42,60),(7065,1,42,138),(7066,1,42,2238),(7067,1,42,2510),(7068,1,42,7068),(7069,1,42,7069),(7070,1,42,64),(7071,1,42,1368),(7072,1,42,7072),(7073,1,42,7073),(7074,1,42,7074),(7075,1,42,7075),(7076,1,42,144),(7077,1,42,66),(7078,1,42,145),(7079,1,42,7079),(7080,1,42,68),(7081,1,42,147),(7082,1,42,1373),(7083,1,42,7083),(7084,1,42,148),(7085,1,42,7085),(7086,1,42,149),(7087,1,42,6916),(7088,1,42,153),(7089,1,42,735),(7090,1,42,76),(7091,3,42,1216),(7092,1,42,7092),(7093,1,42,2173),(7094,1,42,7094),(7095,1,42,4470),(7096,1,42,669),(7097,1,42,78),(7098,1,42,165),(7099,1,42,81),(7100,1,42,2055),(7101,2,42,596),(7102,3,42,82),(7103,1,42,168),(7104,1,42,4414),(7105,1,42,6842),(7106,1,42,3780),(7107,4,42,171),(7108,1,42,7108),(7109,1,42,4480),(7110,3,42,175),(7111,3,43,679),(7112,1,43,1928),(7113,1,43,1324),(7114,1,43,924),(7115,1,43,2668),(7116,1,43,5),(7117,1,43,4),(7118,1,43,3291),(7119,1,43,682),(7120,1,43,1931),(7121,1,43,684),(7122,1,43,535),(7123,1,43,7123),(7124,2,43,15),(7125,1,43,540),(7126,2,43,693),(7127,1,43,7127),(7128,1,43,7128),(7129,2,43,3440),(7130,1,43,19),(7131,1,43,21),(7132,2,43,22),(7133,1,43,23),(7134,1,43,24),(7135,1,43,26),(7136,1,43,2217),(7137,2,43,2688),(7138,1,43,548),(7139,1,43,6505),(7140,1,43,31),(7141,2,43,550),(7142,1,43,2600),(7143,1,43,7143),(7144,1,43,33),(7145,1,43,967),(7146,1,43,2695),(7147,1,43,37),(7148,1,43,39),(7149,1,43,556),(7150,1,43,711),(7151,3,43,2233),(7152,1,43,50),(7153,2,43,53),(7154,1,43,56),(7155,3,43,1193),(7156,1,43,60),(7157,1,43,5995),(7158,1,43,64),(7159,1,43,6532),(7160,1,43,2717),(7161,1,43,2107),(7162,1,43,7162),(7163,1,43,66),(7164,1,43,6333),(7165,1,43,2244),(7166,1,43,68),(7167,1,43,7167),(7168,1,43,1212),(7169,1,43,76),(7170,3,43,1216),(7171,1,43,7092),(7172,1,43,906),(7173,1,43,7094),(7174,2,43,593),(7175,1,43,78),(7176,2,43,80),(7177,1,43,81),(7178,1,43,6742),(7179,1,43,3353),(7180,1,43,4414),(7181,1,43,1115),(7182,1,43,7182),(7183,1,43,7183),(7184,1,43,7184),(7185,1,43,97),(7186,1,43,6565),(7187,2,43,2749),(7188,1,43,99),(7189,1,43,2748),(7190,1,43,102),(7191,1,43,836),(7192,1,43,840),(7193,1,43,617),(7194,2,43,766),(7195,1,43,1413),(7196,1,43,115),(7197,1,43,114),(7198,2,43,2013),(7199,2,43,2764),(7200,1,43,119),(7201,2,43,123),(7202,1,43,7202),(7203,1,43,1274),(7204,1,43,127),(7205,2,43,2023),(7206,1,43,7051),(7207,2,43,635),(7208,1,43,2773),(7209,1,43,7052),(7210,1,43,129),(7211,1,43,7211),(7212,2,43,787),(7213,1,43,7213),(7214,1,43,792),(7215,1,43,137),(7216,1,43,2507),(7217,1,43,138),(7218,1,43,7218),(7219,2,43,2627),(7220,1,43,7068),(7221,1,43,7069),(7222,1,43,7072),(7223,1,43,7073),(7224,1,43,5747),(7225,3,43,144),(7226,1,43,7226),(7227,1,43,145),(7228,1,43,2790),(7229,1,43,7083),(7230,1,43,147),(7231,1,43,148),(7232,1,43,149),(7233,1,43,153),(7234,1,43,668),(7235,1,43,4470),(7236,1,43,164),(7237,1,43,165),(7238,1,43,168),(7239,1,43,6842),(7240,3,43,171),(7241,1,43,7241),(7242,1,43,7242),(7243,1,43,7243),(7244,5,43,175),(7245,1,44,1120),(7246,1,44,2062),(7247,1,44,5935),(7248,10,44,1928),(7249,1,44,7009),(7250,1,44,1035),(7251,1,44,924),(7252,1,44,3694),(7253,3,44,1324),(7254,1,44,3946),(7255,1,44,7255),(7256,1,44,680),(7257,3,44,4),(7258,1,44,1129),(7259,2,44,684),(7260,1,44,535),(7261,1,44,7261),(7262,1,44,1137),(7263,1,44,1332),(7264,1,44,10),(7265,1,44,688),(7266,1,44,2680),(7267,1,44,691),(7268,2,44,15),(7269,1,44,16),(7270,2,44,693),(7271,1,44,21),(7272,2,44,22),(7273,1,44,23),(7274,1,44,24),(7275,4,44,2688),(7276,1,44,7276),(7277,3,44,548),(7278,1,44,7278),(7279,1,44,31),(7280,1,44,550),(7281,1,44,33),(7282,1,44,37),(7283,1,44,1171),(7284,1,44,39),(7285,1,44,556),(7286,2,44,558),(7287,1,44,42),(7288,1,44,50),(7289,1,44,875),(7290,2,44,53),(7291,1,44,56),(7292,1,44,58),(7293,2,44,1193),(7294,1,44,60),(7295,1,44,2099),(7296,1,44,2238),(7297,1,44,7297),(7298,1,44,1687),(7299,1,44,1964),(7300,1,44,1850),(7301,1,44,64),(7302,1,44,7302),(7303,1,44,1852),(7304,2,44,6532),(7305,1,44,2243),(7306,2,44,1085),(7307,1,44,579),(7308,1,44,1966),(7309,2,44,888),(7310,1,44,66),(7311,2,44,723),(7312,1,44,6333),(7313,1,44,892),(7314,1,44,68),(7315,1,44,1006),(7316,1,44,6916),(7317,1,44,7317),(7318,1,44,1010),(7319,3,44,1212),(7320,1,44,7320),(7321,2,44,7321),(7322,1,44,76),(7323,7,44,1216),(7324,1,44,7324),(7325,5,44,906),(7326,1,44,7092),(7327,2,44,3268),(7328,1,44,7094),(7329,1,44,907),(7330,1,44,7330),(7331,2,44,7331),(7332,1,44,78),(7333,1,44,79),(7334,1,44,81),(7335,1,44,5861),(7336,1,44,7336),(7337,1,44,4414),(7338,2,44,917),(7339,1,44,2435),(7340,1,44,7340),(7341,1,44,3158),(7342,1,44,7342),(7343,1,44,754),(7344,1,44,762),(7345,3,44,97),(7346,2,44,2749),(7347,1,44,99),(7348,1,44,2748),(7349,1,44,7349),(7350,1,44,102),(7351,6,44,836),(7352,1,44,2003),(7353,3,44,7353),(7354,3,44,840),(7355,1,44,617),(7356,1,44,618),(7357,4,44,5704),(7358,1,44,4275),(7359,7,44,766),(7360,3,44,7360),(7361,1,44,107),(7362,1,44,771),(7363,1,44,7363),(7364,1,44,7364),(7365,1,44,1265),(7366,1,44,114),(7367,1,44,2013),(7368,1,44,117),(7369,1,44,2280),(7370,1,44,119),(7371,9,44,123),(7372,1,44,781),(7373,1,44,127),(7374,1,44,1755),(7375,1,44,7051),(7376,1,44,7052),(7377,2,44,128),(7378,2,44,2150),(7379,2,44,129),(7380,3,44,130),(7381,2,44,2025),(7382,2,44,1893),(7383,1,44,131),(7384,1,44,132),(7385,3,44,135),(7386,1,44,137),(7387,1,44,1896),(7388,1,44,645),(7389,1,44,2507),(7390,1,44,138),(7391,1,44,5738),(7392,3,44,2510),(7393,1,44,4452),(7394,3,44,2627),(7395,1,44,7395),(7396,1,44,7069),(7397,3,44,144),(7398,1,44,2034),(7399,1,44,145),(7400,1,44,7400),(7401,1,44,7083),(7402,1,44,148),(7403,1,44,149),(7404,1,44,2040),(7405,1,44,7405),(7406,1,44,153),(7407,1,44,1782),(7408,1,44,662),(7409,1,44,1915),(7410,1,44,158),(7411,1,44,1786),(7412,1,44,2171),(7413,1,44,2174),(7414,1,44,667),(7415,1,44,812),(7416,1,44,165),(7417,2,44,164),(7418,1,44,168),(7419,3,44,2058),(7420,1,44,2183),(7421,1,44,1459),(7422,1,44,6842),(7423,1,44,2320),(7424,2,44,171),(7425,1,44,7425),(7426,3,44,175),(7427,1,44,7427),(7428,2,45,679),(7429,1,45,7009),(7430,1,45,924),(7431,2,45,5),(7432,2,45,97),(7433,1,45,2748),(7434,1,45,99),(7435,2,45,2749),(7436,1,45,3291),(7437,1,45,102),(7438,1,45,617),(7439,1,45,618),(7440,1,45,5488),(7441,1,45,7441),(7442,1,45,7442),(7443,2,45,15),(7444,1,45,693),(7445,1,45,7445),(7446,2,45,3440),(7447,1,45,21),(7448,2,45,22),(7449,1,45,23),(7450,1,45,24),(7451,2,45,1413),(7452,1,45,114),(7453,7,45,115),(7454,3,45,2013),(7455,1,45,7455),(7456,1,45,7456),(7457,1,45,119),(7458,1,45,31),(7459,1,45,123),(7460,2,45,550),(7461,1,45,7461),(7462,1,45,125),(7463,1,45,2600),(7464,1,45,33),(7465,1,45,967),(7466,1,45,127),(7467,1,45,37),(7468,2,45,2023),(7469,1,45,39),(7470,1,45,556),(7471,1,45,2024),(7472,1,45,7051),(7473,1,45,7052),(7474,2,45,129),(7475,1,45,711),(7476,1,45,42),(7477,1,45,7477),(7478,1,45,50),(7479,1,45,6523),(7480,2,45,53),(7481,1,45,7481),(7482,1,45,137),(7483,1,45,792),(7484,2,45,6422),(7485,1,45,56),(7486,1,45,2507),(7487,1,45,60),(7488,1,45,138),(7489,1,45,5738),(7490,1,45,7068),(7491,1,45,7491),(7492,1,45,7069),(7493,1,45,64),(7494,2,45,7072),(7495,1,45,3757),(7496,4,45,6532),(7497,1,45,5747),(7498,1,45,7498),(7499,1,45,7499),(7500,1,45,2717),(7501,2,45,144),(7502,1,45,888),(7503,1,45,66),(7504,1,45,145),(7505,1,45,7505),(7506,1,45,68),(7507,1,45,147),(7508,1,45,7083),(7509,1,45,148),(7510,1,45,5534),(7511,1,45,1006),(7512,1,45,149),(7513,1,45,6916),(7514,1,45,2943),(7515,2,45,7515),(7516,1,45,153),(7517,1,45,1700),(7518,1,45,7518),(7519,1,45,7519),(7520,1,45,76),(7521,2,45,1216),(7522,1,45,2173),(7523,1,45,7092),(7524,2,45,7524),(7525,1,45,7094),(7526,2,45,593),(7527,1,45,4470),(7528,1,45,78),(7529,1,45,165),(7530,1,45,2055),(7531,1,45,596),(7532,1,45,81),(7533,1,45,745),(7534,1,45,5466),(7535,1,45,82),(7536,1,45,7536),(7537,1,45,3353),(7538,1,45,168),(7539,1,45,7539),(7540,1,45,599),(7541,1,45,4414),(7542,1,45,7542),(7543,1,45,6842),(7544,1,45,1866),(7545,2,45,3357),(7546,3,45,171),(7547,1,45,7547),(7548,4,45,175),(7549,1,46,7549),(7550,1,46,7009),(7551,1,46,528),(7552,4,46,4),(7553,1,46,533),(7554,2,46,684),(7555,1,46,1931),(7556,1,46,535),(7557,1,46,7557),(7558,2,46,15),(7559,1,46,7559),(7560,1,46,3440),(7561,1,46,21),(7562,2,46,22),(7563,1,46,23),(7564,1,46,24),(7565,1,46,7565),(7566,2,46,851),(7567,1,46,7276),(7568,1,46,7568),(7569,1,46,2082),(7570,1,46,7455),(7571,1,46,31),(7572,3,46,550),(7573,1,46,2600),(7574,1,46,33),(7575,1,46,37),(7576,1,46,7576),(7577,1,46,39),(7578,1,46,1177),(7579,1,46,1356),(7580,1,46,2233),(7581,1,46,50),(7582,2,46,875),(7583,1,46,2095),(7584,1,46,52),(7585,2,46,2094),(7586,2,46,53),(7587,1,46,56),(7588,2,46,1193),(7589,1,46,60),(7590,1,46,7590),(7591,1,46,7591),(7592,3,46,1687),(7593,1,46,7593),(7594,1,46,64),(7595,2,46,1691),(7596,2,46,6532),(7597,1,46,7499),(7598,1,46,578),(7599,2,46,579),(7600,2,46,888),(7601,1,46,66),(7602,1,46,65),(7603,1,46,2110),(7604,1,46,68),(7605,1,46,3251),(7606,1,46,73),(7607,1,46,5534),(7608,1,46,3259),(7609,1,46,6916),(7610,1,46,1212),(7611,1,46,7611),(7612,1,46,585),(7613,1,46,7613),(7614,1,46,589),(7615,1,46,76),(7616,2,46,1216),(7617,1,46,7092),(7618,1,46,7524),(7619,1,46,7094),(7620,1,46,594),(7621,1,46,78),(7622,1,46,79),(7623,1,46,596),(7624,1,46,81),(7625,1,46,745),(7626,1,46,7539),(7627,1,46,7627),(7628,1,46,4414),(7629,1,46,2433),(7630,1,46,601),(7631,2,46,3357),(7632,1,46,603),(7633,1,46,7633),(7634,1,46,91),(7635,1,46,7635),(7636,1,46,1238),(7637,1,46,96),(7638,2,46,610),(7639,4,46,97),(7640,2,46,2749),(7641,1,46,99),(7642,1,46,101),(7643,1,46,102),(7644,1,46,104),(7645,1,46,7645),(7646,1,46,840),(7647,1,46,1042),(7648,1,46,617),(7649,1,46,106),(7650,3,46,618),(7651,2,46,766),(7652,1,46,2268),(7653,1,46,7653),(7654,1,46,107),(7655,1,46,1412),(7656,1,46,1413),(7657,1,46,114),(7658,10,46,115),(7659,2,46,2013),(7660,1,46,2764),(7661,1,46,7456),(7662,1,46,119),(7663,8,46,123),(7664,3,46,125),(7665,1,46,127),(7666,1,46,7051),(7667,2,46,2024),(7668,1,46,7052),(7669,2,46,129),(7670,2,46,1892),(7671,1,46,3217),(7672,4,46,135),(7673,1,46,137),(7674,1,46,3022),(7675,2,46,6422),(7676,1,46,2507),(7677,1,46,138),(7678,1,46,7678),(7679,1,46,647),(7680,1,46,7068),(7681,1,46,7069),(7682,1,46,3536),(7683,1,46,1084),(7684,1,46,7498),(7685,1,46,7685),(7686,2,46,144),(7687,1,46,7687),(7688,1,46,145),(7689,1,46,147),(7690,1,46,7083),(7691,1,46,7691),(7692,1,46,148),(7693,1,46,1299),(7694,1,46,7694),(7695,1,46,149),(7696,2,46,2166),(7697,1,46,153),(7698,7,46,661),(7699,1,46,666),(7700,1,46,810),(7701,1,46,162),(7702,4,46,667),(7703,1,46,669),(7704,1,46,812),(7705,1,46,165),(7706,1,46,164),(7707,2,46,166),(7708,1,46,7708),(7709,2,46,5466),(7710,1,46,168),(7711,1,46,7542),(7712,1,46,6842),(7713,2,46,171),(7714,1,46,7714),(7715,1,46,7547),(7716,1,46,7716),(7717,2,46,822),(7718,2,46,7425),(7719,1,46,1321),(7720,2,46,175),(7721,2,46,7427),(7722,9,48,7722),(7723,1,48,7723),(7724,1,48,7724),(7725,1,48,7725),(7726,1,48,7726),(7727,1,48,7727),(7728,1,48,7728),(7729,1,48,7729),(7730,86,48,531),(7731,1,48,7731),(7732,86,48,7732),(7733,1,48,7733),(7734,2,48,7734),(7735,1,48,7735),(7736,1,48,7736),(7737,6,48,7737),(7738,1,48,7738),(7739,11,48,14),(7740,1,48,7740),(7741,1,48,7741),(7742,2,48,7742),(7743,1,48,7743),(7744,1,48,7744),(7745,1,48,7745),(7746,4,48,7746),(7747,2,48,7747),(7748,4,48,1819),(7749,2,48,7749),(7750,1,48,7750),(7751,9,48,7751),(7752,1,48,7752),(7753,1,48,1063),(7754,1,48,7754),(7755,1,48,1831),(7756,1,48,7756),(7757,1,48,7757),(7758,1,48,7758),(7759,1,48,7759),(7760,1,48,7760),(7761,3,48,1840),(7762,2,48,7762),(7763,8,48,56),(7764,1,48,7764),(7765,71,48,575),(7766,1,48,7766),(7767,1,48,7767),(7768,2,48,884),(7769,1,48,7769),(7770,80,48,64),(7771,1,48,7771),(7772,1,48,1691),(7773,3,48,5232),(7774,1,48,7774),(7775,1,48,7775),(7776,1,48,7776),(7777,1,48,7777),(7778,1,48,7778),(7779,2,48,7779),(7780,2,48,7780),(7781,1,48,7781),(7782,11,48,7782),(7783,14,48,2418),(7784,1,48,7784),(7785,1,48,7785),(7786,1,48,7786),(7787,1,48,7787),(7788,1,48,7788),(7789,1,48,7789),(7790,1,48,7790),(7791,1,48,7791),(7792,1,48,7792),(7793,1,48,7793),(7794,1,48,7794),(7795,1,48,7795),(7796,1,48,7796),(7797,2,48,7797),(7798,1,48,7633),(7799,2,48,7799),(7800,3,48,7800),(7801,1,48,7801),(7802,2,48,7802),(7803,1,48,7803),(7804,2,48,7804),(7805,7,48,617),(7806,2,48,3369),(7807,1,48,7807),(7808,7,48,7808),(7809,1,48,7809),(7810,2,48,7810),(7811,1,48,7811),(7812,1,48,7812),(7813,2,48,7813),(7814,8,48,7814),(7815,1,48,7815),(7816,1,48,7816),(7817,1,48,7817),(7818,2,48,7818),(7819,1,48,7819),(7820,1,48,7820),(7821,1,48,7821),(7822,1,48,7822),(7823,1,48,7823),(7824,1,48,7824),(7825,3,48,7825),(7826,1,48,7826),(7827,2,48,7827),(7828,1,48,7828),(7829,2,48,7829),(7830,1,48,7830),(7831,12,48,132),(7832,2,48,7832),(7833,1,48,7833),(7834,6,48,7834),(7835,1,48,7835),(7836,2,48,1285),(7837,3,48,7837),(7838,1,48,7838),(7839,2,48,7839),(7840,1,48,7840),(7841,2,48,3407),(7842,1,48,7842),(7843,4,48,7843),(7844,1,48,7844),(7845,10,48,1295),(7846,2,48,7846),(7847,1,48,147),(7848,1,48,7848),(7849,1,48,7849),(7850,1,48,7850),(7851,2,48,7851),(7852,6,48,6235),(7853,1,48,7853),(7854,1,48,7854),(7855,1,48,5329),(7856,3,48,7856),(7857,1,48,7857),(7858,1,48,7858),(7859,1,48,7859),(7860,1,48,7860),(7861,1,48,7861),(7862,4,48,1923),(7863,1,48,7863),(7864,1,48,7864),(7865,3,48,7865),(7866,2,48,7866),(7867,1,48,7867),(7868,1,48,6114),(7869,2,48,672),(7870,1,48,7870),(7871,1,48,7871),(7872,1,48,7872),(7873,3,48,7873),(7874,1,48,7874),(7875,1,48,7875),(7876,3,48,7876),(7877,3,48,7877),(7878,1,48,7878),(7879,1,48,7879),(7880,1,48,7880),(7881,1,48,7881),(7882,5,48,7882),(7883,1,48,7883),(7884,1,48,7884),(7885,1,48,7885),(7886,1,48,7886),(7887,1,48,7887),(7888,1,48,7888),(7889,1,48,7889),(7890,1,48,4168),(7891,1,48,7891),(7892,4,48,7892),(7893,2,48,7893),(7894,5,48,7894),(7895,8,48,7895),(7896,1,48,851),(7897,1,48,7897),(7898,1,48,7898),(7899,1,48,7899),(7900,1,48,7900),(7901,1,48,7901),(7902,1,48,7902),(7903,1,48,7903),(7904,1,48,7904),(7905,1,48,1948),(7906,5,48,711),(7907,36,48,1949),(7908,1,48,2380),(7909,1,48,7909),(7910,2,48,5981),(7911,1,48,1356),(7912,1,48,7912),(7913,2,48,7913),(7914,1,48,7914),(7915,1,48,7915),(7916,1,48,7916),(7917,4,48,875),(7918,5,48,3458),(7919,2,48,7919),(7920,1,48,7920),(7921,1,48,1196),(7922,1,48,7922),(7923,3,48,7923),(7924,1,48,7924),(7925,1,48,7925),(7926,1,48,7926),(7927,1,48,7927),(7928,1,48,7928),(7929,1,48,7929),(7930,2,48,7930),(7931,1,48,7931),(7932,1,48,7932),(7933,4,48,7933),(7934,6,48,73),(7935,2,48,7935),(7936,1,48,7936),(7937,1,48,7937),(7938,2,48,7938),(7939,1,48,7939),(7940,3,48,1977),(7941,3,48,906),(7942,1,48,7942),(7943,1,48,3476),(7944,1,48,7944),(7945,1,48,1220),(7946,1,48,7946),(7947,1,48,7947),(7948,1,48,7948),(7949,1,48,7949),(7950,1,48,7950),(7951,4,48,7951),(7952,1,48,7952),(7953,1,48,7953),(7954,1,48,753),(7955,1,48,7955),(7956,1,48,7956),(7957,1,48,7957),(7958,8,48,7958),(7959,38,48,104),(7960,1,48,7960),(7961,6,48,106),(7962,7,48,7962),(7963,1,48,7963),(7964,1,48,7964),(7965,1,48,7965),(7966,1,48,7966),(7967,1,48,843),(7968,1,48,7968),(7969,1,48,7969),(7970,1,48,7970),(7971,3,48,7971),(7972,1,48,7972),(7973,2,48,7973),(7974,5,48,1259),(7975,1,48,7975),(7976,3,48,7976),(7977,1,48,7977),(7978,1,48,7978),(7979,1,48,7979),(7980,1,48,7980),(7981,2,48,123),(7982,1,48,3098),(7983,2,48,5294),(7984,1,48,7984),(7985,3,48,7052),(7986,4,48,7986),(7987,4,48,3525),(7988,8,48,7988),(7989,2,48,7989),(7990,3,48,4596),(7991,1,48,7991),(7992,3,48,4309),(7993,1,48,7993),(7994,4,48,7994),(7995,1,48,7995),(7996,2,48,3532),(7997,1,48,7997),(7998,1,48,7998),(7999,1,48,7999),(8000,16,48,8000),(8001,1,48,8001),(8002,2,48,8002),(8003,1,48,8003),(8004,2,48,8004),(8005,1,48,8005),(8006,1,48,8006),(8007,1,48,8007),(8008,1,48,8008),(8009,1,48,8009),(8010,17,48,1786),(8011,3,48,1789),(8012,1,48,8012),(8013,1,48,8013),(8014,1,48,8014),(8015,4,48,8015),(8016,1,48,8016),(8017,1,48,8017),(8018,1,48,8018),(8019,1,48,8019),(8020,1,48,8020),(8021,1,48,8021),(8022,1,48,8022),(8023,1,48,8023),(8024,2,48,8024),(8025,2,48,8025),(8026,1,48,8026),(8027,1,48,8027),(8028,1,48,8028),(8029,3,48,1322),(8030,2,48,8030),(8031,1,48,8031),(8032,5,48,8032),(8033,1,48,8033),(8034,6,48,4),(8035,1,48,8035),(8036,1,48,8036),(8037,85,48,2068),(8038,1,48,8038),(8039,7,48,8039),(8040,1,48,8040),(8041,1,48,8041),(8042,2,48,8042),(8043,1,48,8043),(8044,2,48,8044),(8045,1,48,8045),(8046,8,48,8046),(8047,1,48,8047),(8048,1,48,8048),(8049,2,48,2082),(8050,16,48,8050),(8051,1,48,8051),(8052,1,48,8052),(8053,1,48,8053),(8054,1,48,8054),(8055,1,48,8055),(8056,1,48,8056),(8057,85,48,58),(8058,1,48,8058),(8059,1,48,8059),(8060,1,48,8060),(8061,1,48,576),(8062,1,48,8062),(8063,1,48,8063),(8064,2,48,8064),(8065,3,48,8065),(8066,2,48,8066),(8067,1,48,8067),(8068,1,48,8068),(8069,1,48,6016),(8070,1,48,8070),(8071,4,48,8071),(8072,1,48,2729),(8073,1,48,8073),(8074,1,48,8074),(8075,1,48,8075),(8076,3,48,5682),(8077,1,48,8077),(8078,1,48,8078),(8079,1,48,8079),(8080,1,48,8080),(8081,1,48,8081),(8082,2,48,8082),(8083,1,48,8083),(8084,1,48,8084),(8085,1,48,8085),(8086,1,48,8086),(8087,2,48,8087),(8088,39,48,8088),(8089,1,48,2129),(8090,1,48,8090),(8091,1,48,8091),(8092,1,48,8092),(8093,2,48,8093),(8094,1,48,8094),(8095,1,48,8095),(8096,1,48,8096),(8097,2,48,2140),(8098,2,48,8098),(8099,1,48,8099),(8100,1,48,8100),(8101,1,48,8101),(8102,1,48,8102),(8103,1,48,8103),(8104,1,48,8104),(8105,1,48,8105),(8106,60,48,2914),(8107,2,48,8107),(8108,2,48,8108),(8109,2,48,8109),(8110,1,48,8110),(8111,1,48,8111),(8112,1,48,8112),(8113,1,48,8113),(8114,1,48,8114),(8115,1,48,8115),(8116,4,48,8116),(8117,2,48,8117),(8118,1,48,8118),(8119,1,48,8119),(8120,2,48,8120),(8121,2,48,8121),(8122,1,48,8122),(8123,1,48,8123),(8124,1,48,8124),(8125,25,48,8125),(8126,2,48,8126),(8127,1,48,8127),(8128,1,48,8128),(8129,1,48,8129),(8130,1,48,8130),(8131,3,48,2537),(8132,1,48,8132),(8133,1,48,8133),(8134,1,48,8134),(8135,1,48,8135),(8136,1,48,8136),(8137,1,48,2182),(8138,1,48,8138),(8139,1,48,8139),(8140,1,48,8140),(8141,1,48,8141),(8142,2,48,8142),(8143,6,48,6123),(8144,9,48,8144),(8145,2,48,8145),(8146,1,48,8146),(8147,1,48,6126),(8148,1,48,8148),(8149,1,48,8149),(8150,1,48,8150),(8151,1,48,8151),(8152,2,48,8152),(8153,2,48,1034),(8154,1,48,8154),(8155,1,48,8155),(8156,1,48,8156),(8157,1,48,5368),(8158,1,48,8158),(8159,1,48,8159),(8160,5,48,684),(8161,1,48,8161),(8162,1,48,8162),(8163,3,48,8163),(8164,1,48,8164),(8165,1,48,8165),(8166,1,48,8166),(8167,1,48,8167),(8168,26,48,1150),(8169,1,48,8169),(8170,17,48,8170),(8171,4,48,8171),(8172,1,48,8172),(8173,1,48,8173),(8174,1,48,8174),(8175,1,48,8175),(8176,1,48,8176),(8177,3,48,8177),(8178,2,48,8178),(8179,2,48,8179),(8180,2,48,8180),(8181,1,48,8181),(8182,3,48,8182),(8183,1,48,8183),(8184,71,48,8184),(8185,1,48,40),(8186,1,48,8186),(8187,1,48,2231),(8188,1,48,8188),(8189,1,48,8189),(8190,2,48,8190),(8191,1,48,8191),(8192,1,48,8192),(8193,5,48,2238),(8194,2,48,8194),(8195,1,48,8195),(8196,1,48,8196),(8197,1,48,8197),(8198,2,48,3239),(8199,2,48,8199),(8200,26,48,888),(8201,1,48,8201),(8202,3,48,8202),(8203,1,48,726),(8204,1,48,8204),(8205,1,48,8205),(8206,1,48,1006),(8207,1,48,8207),(8208,1,48,8208),(8209,1,48,8209),(8210,3,48,8210),(8211,1,48,8211),(8212,2,48,8212),(8213,1,48,8213),(8214,1,48,8214),(8215,1,48,8215),(8216,1,48,8216),(8217,1,48,8217),(8218,1,48,8218),(8219,2,48,8219),(8220,2,48,8220),(8221,1,48,8221),(8222,1,48,2259),(8223,1,48,8223),(8224,1,48,8224),(8225,1,48,8225),(8226,1,48,8226),(8227,1,48,8227),(8228,1,48,8228),(8229,1,48,8229),(8230,11,48,8230),(8231,1,48,6039),(8232,2,48,8232),(8233,6,48,8233),(8234,1,48,8234),(8235,4,48,8235),(8236,1,48,8236),(8237,2,48,8237),(8238,4,48,4277),(8239,1,48,8239),(8240,3,48,8240),(8241,1,48,8241),(8242,3,48,8242),(8243,3,48,8243),(8244,1,48,8244),(8245,1,48,8245),(8246,2,48,8246),(8247,3,48,8247),(8248,2,48,7445),(8249,1,48,8249),(8250,1,48,8250),(8251,1,48,8251),(8252,1,48,8252),(8253,1,48,8253),(8254,6,48,8254),(8255,1,48,8255),(8256,1,48,8256),(8257,1,48,8257),(8258,3,48,2477),(8259,1,48,8259),(8260,2,48,6073),(8261,1,48,8261),(8262,1,48,8262),(8263,1,48,8263),(8264,1,48,8264),(8265,1,48,8265),(8266,1,48,8266),(8267,1,48,8267),(8268,3,48,2295),(8269,2,48,8269),(8270,1,48,8270),(8271,1,48,8271),(8272,1,48,8272),(8273,1,48,8273),(8274,1,48,8274),(8275,1,48,8275),(8276,2,48,8276),(8277,2,48,8277),(8278,1,48,8278),(8279,1,48,8279),(8280,1,48,8280),(8281,1,48,8281),(8282,1,48,8282),(8283,1,48,8283),(8284,2,48,8284),(8285,1,48,8285),(8286,1,48,8286),(8287,1,48,8287),(8288,6,48,5342),(8289,1,48,8289),(8290,1,48,8290),(8291,1,48,8291),(8292,5,48,8292),(8293,1,48,8293),(8294,1,48,8294),(8295,81,48,6842),(8296,3,48,8296),(8297,1,48,8297),(8298,8,48,2545),(8299,1,48,8299),(8300,1,48,8300),(8301,1,48,3787),(8302,2,48,2),(8303,1,48,8303),(8304,2,48,8304),(8305,1,48,8305),(8306,1,48,6651),(8307,2,48,8307),(8308,8,48,8308),(8309,3,48,8309),(8310,1,48,8310),(8311,1,48,8311),(8312,4,48,536),(8313,3,48,3961),(8314,1,48,8314),(8315,1,48,8315),(8316,9,48,5631),(8317,1,48,8317),(8318,1,48,8318),(8319,1,48,8319),(8320,4,48,1818),(8321,1,48,8321),(8322,1,48,8322),(8323,2,48,8323),(8324,3,48,8324),(8325,1,48,8325),(8326,3,48,8326),(8327,1,48,8327),(8328,5,48,2372),(8329,1,48,8329),(8330,2,48,8330),(8331,15,48,8331),(8332,3,48,563),(8333,1,48,8333),(8334,1,48,8334),(8335,1,48,8335),(8336,1,48,8336),(8337,9,48,8337),(8338,8,48,8338),(8339,1,48,8339),(8340,1,48,8340),(8341,1,48,8341),(8342,71,48,993),(8343,1,48,579),(8344,1,48,8344),(8345,2,48,8345),(8346,1,48,8346),(8347,1,48,8347),(8348,1,48,8348),(8349,1,48,8349),(8350,249,48,8350),(8351,1,48,8351),(8352,1,48,8352),(8353,1,48,8353),(8354,3,48,8354),(8355,2,48,8355),(8356,3,48,8356),(8357,1,48,8357),(8358,1,48,8358),(8359,1,48,8359),(8360,1,48,8360),(8361,2,48,8361),(8362,2,48,8362),(8363,3,48,8363),(8364,1,48,8364),(8365,1,48,8365),(8366,1,48,8366),(8367,13,48,8367),(8368,1,48,8368),(8369,4,48,4422),(8370,1,48,8370),(8371,6,48,97),(8372,1,48,8372),(8373,1,48,8373),(8374,5,48,101),(8375,1,48,8375),(8376,1,48,8376),(8377,1,48,8377),(8378,1,48,8378),(8379,1,48,8379),(8380,1,48,8380),(8381,1,48,8381),(8382,1,48,8382),(8383,1,48,8383),(8384,1,48,8384),(8385,1,48,8385),(8386,4,48,8386),(8387,1,48,8387),(8388,32,48,2490),(8389,1,48,8389),(8390,2,48,8390),(8391,5,48,129),(8392,1,48,8392),(8393,1,48,8393),(8394,1,48,8394),(8395,1,48,8395),(8396,1,48,8396),(8397,8,48,8397),(8398,1,48,8398),(8399,2,48,8399),(8400,1,48,8400),(8401,1,48,8401),(8402,1,48,8402),(8403,1,48,8403),(8404,1,48,2925),(8405,1,48,8405),(8406,7,48,8406),(8407,1,48,8407),(8408,1,48,8408),(8409,1,48,1293),(8410,1,48,8410),(8411,1,48,8411),(8412,1,48,8412),(8413,1,48,8413),(8414,1,48,8414),(8415,1,48,8415),(8416,1,48,3417),(8417,2,48,8417),(8418,1,48,8418),(8419,1,48,8419),(8420,1,48,8420),(8421,1,48,8421),(8422,2,48,8422),(8423,3,48,8423),(8424,1,48,8424),(8425,1,48,8425),(8426,1,48,8426),(8427,1,48,8427),(8428,1,48,8428),(8429,1,48,8429),(8430,4,48,8430),(8431,75,48,9),(8432,1,48,8432),(8433,1,48,8433),(8434,3,48,8434),(8435,2,48,8435),(8436,1,48,8436),(8437,2,48,8437),(8438,1,48,3196),(8439,1,48,8439),(8440,8,48,4189),(8441,1,48,8441),(8442,5,48,8442),(8443,1,48,8443),(8444,12,48,1170),(8445,1,48,8445),(8446,1,48,8446),(8447,2,48,8447),(8448,1,48,8448),(8449,1,48,8449),(8450,2,48,2850),(8451,3,48,8451),(8452,1,48,8452),(8453,1,48,8453),(8454,4,48,3459),(8455,1,48,8455),(8456,2,48,1687),(8457,1,48,8457),(8458,3,48,8458),(8459,1,48,8459),(8460,2,48,6002),(8461,1,48,8461),(8462,71,48,8462),(8463,1,48,8463),(8464,1,48,8464),(8465,1,48,8465),(8466,1,48,8466),(8467,1,48,8467),(8468,1,48,1212),(8469,1,48,8469),(8470,2,48,6020),(8471,1,48,1218),(8472,3,48,8472),(8473,1,48,5007),(8474,1,48,8474),(8475,26,48,907),(8476,2,48,80),(8477,1,48,8477),(8478,1,48,8478),(8479,1,48,8479),(8480,4,48,8480),(8481,1,48,8481),(8482,10,48,3158),(8483,1,48,8483),(8484,2,48,8484),(8485,6,48,8485),(8486,4,48,6035),(8487,1,48,8487),(8488,3,48,8488),(8489,1,48,762),(8490,3,48,8490),(8491,1,48,8491),(8492,1,48,8492),(8493,1,48,8493),(8494,9,48,5272),(8495,8,48,8495),(8496,1,48,8496),(8497,5,48,8497),(8498,2,48,8498),(8499,2,48,766),(8500,1,48,8500),(8501,8,48,8501),(8502,1,48,8502),(8503,1,48,8503),(8504,1,48,8504),(8505,1,48,8505),(8506,1,48,8506),(8507,2,48,8507),(8508,22,48,3094),(8509,1,48,8509),(8510,1,48,8510),(8511,2,48,8511),(8512,1,48,8512),(8513,3,48,8513),(8514,1,48,8514),(8515,1,48,8515),(8516,1,48,8516),(8517,10,48,2020),(8518,5,48,8518),(8519,1,48,8519),(8520,2,48,8520),(8521,12,48,785),(8522,1,48,8522),(8523,1,48,8523),(8524,1,48,8524),(8525,1,48,8525),(8526,1,48,8526),(8527,1,48,8527),(8528,1,48,136),(8529,1,48,8529),(8530,40,48,793),(8531,1,48,8531),(8532,1,48,8532),(8533,1,48,8533),(8534,1,48,8534),(8535,2,48,8535),(8536,1,48,8536),(8537,2,48,8537),(8538,1,48,8538),(8539,1,48,8539),(8540,83,48,8540),(8541,1,48,8541),(8542,1,48,8542),(8543,65,48,145),(8544,1,48,8544),(8545,1,48,8545),(8546,3,48,8546),(8547,2,48,8547),(8548,1,48,8548),(8549,1,48,8549),(8550,1,48,8550),(8551,1,48,8551),(8552,2,48,8552),(8553,1,48,8553),(8554,18,48,1105),(8555,3,48,8555),(8556,1,48,8556),(8557,1,48,8557),(8558,1,48,8558),(8559,1,48,8559),(8560,3,48,8560),(8561,1,48,6470),(8562,1,48,8562),(8563,18,48,3786),(8564,4,48,8564),(8565,17,48,5168),(8566,1,48,8566),(8567,2,48,8567),(8568,1,48,4364),(8569,16,48,533),(8570,1,48,8570),(8571,2,48,8571),(8572,13,48,3793),(8573,1,48,8573),(8574,1,48,8574),(8575,2,48,2823),(8576,1,48,8576),(8577,1,48,8577),(8578,1,48,8578),(8579,1,48,8579),(8580,3,48,8580),(8581,1,48,8581),(8582,1,48,8582),(8583,1,48,2077),(8584,2,48,8584),(8585,3,48,8585),(8586,1,48,8586),(8587,3,48,2083),(8588,1,48,8588),(8589,1,48,8589),(8590,1,48,8590),(8591,1,48,8591),(8592,3,48,8592),(8593,26,48,1177),(8594,1,48,8594),(8595,1,48,5979),(8596,1,48,8596),(8597,1,48,8597),(8598,1,48,8598),(8599,1,48,8599),(8600,1,48,8600),(8601,1,48,8601),(8602,3,48,8602),(8603,2,48,3116),(8604,2,48,3321),(8605,2,48,5659),(8606,2,48,8606),(8607,1,48,8607),(8608,1,48,8608),(8609,1,48,8609),(8610,2,48,8610),(8611,1,48,8611),(8612,1,48,8612),(8613,1,48,2106),(8614,2,48,8614),(8615,1,48,8615),(8616,2,48,8616),(8617,1,48,8617),(8618,1,48,8618),(8619,1,48,8619),(8620,4,48,8620),(8621,1,48,8621),(8622,1,48,8622),(8623,1,48,8623),(8624,3,48,8624),(8625,2,48,8625),(8626,1,48,8626),(8627,7,48,601),(8628,4,48,8628),(8629,1,48,8629),(8630,2,48,8630),(8631,4,48,8631),(8632,1,48,8632),(8633,1,48,8633),(8634,1,48,8634),(8635,1,48,8635),(8636,1,48,8636),(8637,1,48,8637),(8638,1,48,8638),(8639,22,48,8639),(8640,11,48,8640),(8641,2,48,8641),(8642,2,48,5279),(8643,1,48,8643),(8644,2,48,8644),(8645,1,48,8645),(8646,1,48,3088),(8647,1,48,8647),(8648,1,48,8648),(8649,1,48,8649),(8650,1,48,8650),(8651,169,48,114),(8652,1,48,8652),(8653,1,48,8653),(8654,1,48,8654),(8655,2,48,8655),(8656,2,48,8656),(8657,1,48,8657),(8658,5,48,2496),(8659,8,48,130),(8660,2,48,8660),(8661,1,48,8661),(8662,1,48,8662),(8663,1,48,2157),(8664,33,48,2507),(8665,71,48,2784),(8666,1,48,8666),(8667,2,48,8667),(8668,1,48,8668),(8669,1,48,8669),(8670,1,48,8670),(8671,2,48,8671),(8672,1,48,8672),(8673,4,48,8673),(8674,18,48,1436),(8675,1,48,8675),(8676,3,48,8676),(8677,1,48,8677),(8678,1,48,8678),(8679,1,48,8679),(8680,1,48,661),(8681,2,48,6992),(8682,1,48,8682),(8683,2,48,8683),(8684,1,48,8684),(8685,1,48,8685),(8686,4,48,2174),(8687,1,48,8687),(8688,1,48,8688),(8689,1,48,8689),(8690,2,48,6449),(8691,1,48,4470),(8692,2,48,8692),(8693,1,48,8693),(8694,1,48,166),(8695,1,48,8695),(8696,1,48,8696),(8697,4,48,8697),(8698,1,48,8698),(8699,1,48,8699),(8700,1,48,8700),(8701,165,48,171),(8702,1,48,8702),(8703,1,48,8703),(8704,1,48,8704),(8705,1,48,8705),(8706,41,48,175),(8707,2,48,8707),(8708,1,48,8708),(8709,1,48,8709),(8710,1,48,8710),(8711,2,48,8711),(8712,1,48,8712),(8713,1,48,8713),(8714,1,48,8714),(8715,1,48,8715),(8716,1,48,8716),(8717,1,48,8717),(8718,1,48,5043),(8719,4,48,2216),(8720,4,48,2217),(8721,2,48,8721),(8722,1,48,8722),(8723,3,48,8723),(8724,1,48,8724),(8725,4,48,6286),(8726,1,48,8726),(8727,1,48,8727),(8728,3,48,8728),(8729,1,48,8729),(8730,1,48,8730),(8731,1,48,8731),(8732,5,48,8732),(8733,1,48,8733),(8734,2,48,8734),(8735,4,48,8735),(8736,1,48,8736),(8737,2,48,8737),(8738,1,48,8738),(8739,2,48,8739),(8740,2,48,8740),(8741,1,48,8741),(8742,21,48,8742),(8743,2,48,6523),(8744,1,48,8744),(8745,3,48,8745),(8746,11,48,8746),(8747,1,48,8747),(8748,1,48,8748),(8749,10,48,5994),(8750,2,48,1200),(8751,1,48,8751),(8752,2,48,8752),(8753,1,48,8753),(8754,2,48,8754),(8755,25,48,2244),(8756,1,48,8756),(8757,1,48,8757),(8758,2,48,8758),(8759,1,48,8759),(8760,1,48,8760),(8761,1,48,8761),(8762,1,48,8762),(8763,3,48,8763),(8764,1,48,8764),(8765,1,48,8765),(8766,2,48,8766),(8767,2,48,8767),(8768,2,48,8768),(8769,2,48,8769),(8770,1,48,8770),(8771,12,48,8771),(8772,1,48,8772),(8773,163,48,78),(8774,1,48,8774),(8775,1,48,8775),(8776,1,48,8776),(8777,1,48,8777),(8778,3,48,1387),(8779,1,48,8779),(8780,1,48,8780),(8781,1,48,8781),(8782,1,48,8782),(8783,2,48,8783),(8784,2,48,8784),(8785,1,48,8785),(8786,1,48,8786),(8787,2,48,8787),(8788,1,48,6765),(8789,1,48,8789),(8790,1,48,8790),(8791,1,48,8791),(8792,1,48,8792),(8793,3,48,8793),(8794,2,48,8794),(8795,1,48,8795),(8796,1,48,8796),(8797,1,48,8797),(8798,2,48,8798),(8799,1,48,8799),(8800,1,48,8800),(8801,1,48,8801),(8802,1,48,8802),(8803,1,48,8803),(8804,1,48,8804),(8805,1,48,8805),(8806,1,48,8806),(8807,2,48,8807),(8808,4,48,8808),(8809,2,48,8809),(8810,1,48,8810),(8811,1,48,8811),(8812,3,48,135),(8813,1,48,8813),(8814,1,48,1075),(8815,25,48,4598),(8816,2,48,8816),(8817,2,48,2294),(8818,1,48,8818),(8819,1,48,8819),(8820,1,48,5430),(8821,6,48,795),(8822,2,48,8822),(8823,1,48,1079),(8824,1,48,8824),(8825,1,48,1084),(8826,1,48,8826),(8827,1,48,8827),(8828,1,48,8828),(8829,1,48,8829),(8830,1,48,2302),(8831,1,48,8831),(8832,12,48,810),(8833,1,48,8833),(8834,1,48,8834),(8835,1,48,8835),(8836,2,48,8836),(8837,1,48,8837),(8838,1,48,8838),(8839,1,48,8839),(8840,1,48,8840),(8841,1,48,1800),(8842,1,48,8842),(8843,1,48,8843),(8844,1,48,8844),(8845,1,48,2546),(8846,2,49,679),(8847,1,49,1035),(8848,1,49,2968),(8849,1,49,1324),(8850,1,49,1325),(8851,1,49,680),(8852,2,49,5),(8853,2,49,4),(8854,1,49,832),(8855,1,49,4362),(8856,1,49,8856),(8857,1,49,8857),(8858,1,49,682),(8859,1,49,683),(8860,3,49,3082),(8861,1,49,8861),(8862,1,49,684),(8863,2,49,9),(8864,1,49,535),(8865,1,49,8865),(8866,1,49,8866),(8867,4,49,1332),(8868,1,49,536),(8869,1,49,10),(8870,1,49,5488),(8871,3,49,1335),(8872,1,49,688),(8873,1,49,8873),(8874,1,49,5631),(8875,1,49,691),(8876,2,49,15),(8877,1,49,693),(8878,1,49,8878),(8879,1,49,3177),(8880,1,49,8880),(8881,1,49,2343),(8882,1,49,2074),(8883,1,49,4501),(8884,2,49,1048),(8885,1,49,21),(8886,2,49,22),(8887,1,49,23),(8888,1,49,8888),(8889,1,49,4175),(8890,4,49,544),(8891,1,49,24),(8892,2,49,8892),(8893,1,49,851),(8894,1,49,8894),(8895,2,49,6169),(8896,2,49,548),(8897,1,49,8897),(8898,1,49,8898),(8899,1,49,1344),(8900,1,49,28),(8901,1,49,8901),(8902,1,49,31),(8903,2,49,1062),(8904,1,49,8904),(8905,1,49,1829),(8906,1,49,33),(8907,1,49,6887),(8908,2,49,554),(8909,1,49,37),(8910,1,49,1171),(8911,3,49,39),(8912,1,49,558),(8913,1,49,8913),(8914,1,49,1949),(8915,1,49,42),(8916,2,49,711),(8917,3,49,1177),(8918,1,49,44),(8919,1,49,8919),(8920,1,49,8920),(8921,1,49,1356),(8922,1,49,2231),(8923,1,49,45),(8924,1,49,716),(8925,1,49,1840),(8926,1,49,5215),(8927,1,49,50),(8928,2,49,51),(8929,4,49,875),(8930,2,49,53),(8931,3,49,56),(8932,3,49,58),(8933,1,49,60),(8934,1,49,8934),(8935,1,49,2238),(8936,1,49,2861),(8937,1,49,2862),(8938,1,49,8938),(8939,1,49,8939),(8940,1,49,64),(8941,4,49,1368),(8942,1,49,5229),(8943,1,49,8943),(8944,1,49,5232),(8945,1,49,2108),(8946,3,49,888),(8947,1,49,66),(8948,2,49,65),(8949,1,49,892),(8950,1,49,2244),(8951,1,49,68),(8952,2,49,1373),(8953,1,49,73),(8954,1,49,8954),(8955,1,49,8955),(8956,3,49,1010),(8957,1,49,2115),(8958,1,49,74),(8959,1,49,8959),(8960,1,49,735),(8961,1,49,76),(8962,1,49,1220),(8963,1,49,741),(8964,3,49,78),(8965,1,49,79),(8966,1,49,595),(8967,1,49,596),(8968,1,49,81),(8969,1,49,6742),(8970,1,49,8970),(8971,1,49,8971),(8972,2,49,4414),(8973,10,49,601),(8974,2,49,2259),(8975,2,49,1389),(8976,1,49,3158),(8977,2,49,8977),(8978,1,49,92),(8979,1,49,2261),(8980,1,49,756),(8981,1,49,93),(8982,1,49,1994),(8983,1,49,6756),(8984,2,49,762),(8985,7,49,97),(8986,1,49,1724),(8987,1,49,99),(8988,1,49,2749),(8989,1,49,2748),(8990,2,49,5869),(8991,1,49,102),(8992,1,49,1402),(8993,1,49,104),(8994,1,49,616),(8995,1,49,106),(8996,1,49,1406),(8997,1,49,5706),(8998,1,49,8998),(8999,2,49,7445),(9000,1,49,108),(9001,2,49,107),(9002,1,49,2138),(9003,1,49,9003),(9004,2,49,2007),(9005,1,49,9005),(9006,1,49,9006),(9007,2,49,1413),(9008,3,49,114),(9009,1,49,624),(9010,2,49,4289),(9011,1,49,5393),(9012,2,49,117),(9013,1,49,776),(9014,1,49,118),(9015,1,49,119),(9016,1,49,9016),(9017,17,49,123),(9018,1,49,1751),(9019,1,49,2768),(9020,1,49,9020),(9021,1,49,127),(9022,1,49,128),(9023,1,49,637),(9024,1,49,1068),(9025,1,49,2917),(9026,2,49,129),(9027,1,49,785),(9028,4,49,2025),(9029,1,49,9029),(9030,1,49,6199),(9031,1,49,9031),(9032,4,49,132),(9033,1,49,1427),(9034,1,49,135),(9035,2,49,645),(9036,3,49,792),(9037,1,49,137),(9038,1,49,1075),(9039,1,49,138),(9040,1,49,5738),(9041,3,49,2510),(9042,1,49,3658),(9043,1,49,2627),(9044,1,49,1431),(9045,1,49,796),(9046,1,49,797),(9047,1,49,142),(9048,1,49,9048),(9049,1,49,5748),(9050,1,49,144),(9051,1,49,145),(9052,1,49,1437),(9053,2,49,802),(9054,1,49,1295),(9055,1,49,9055),(9056,1,49,9056),(9057,1,49,147),(9058,1,49,9058),(9059,1,49,148),(9060,1,49,1440),(9061,1,49,1298),(9062,1,49,9062),(9063,2,49,1776),(9064,1,49,149),(9065,1,49,6819),(9066,1,49,2040),(9067,1,49,150),(9068,1,49,2166),(9069,1,49,6236),(9070,1,49,9070),(9071,1,49,153),(9072,1,49,661),(9073,1,49,159),(9074,1,49,9074),(9075,1,49,809),(9076,1,49,665),(9077,1,49,5330),(9078,1,49,9078),(9079,2,49,810),(9080,1,49,2173),(9081,1,49,9081),(9082,1,49,2174),(9083,1,49,9083),(9084,1,49,9084),(9085,2,49,164),(9086,1,49,165),(9087,2,49,913),(9088,2,49,5466),(9089,1,49,5013),(9090,1,49,817),(9091,1,49,168),(9092,1,49,9092),(9093,1,49,6462),(9094,1,49,169),(9095,1,49,675),(9096,4,49,171),(9097,1,49,9097),(9098,1,49,5358),(9099,1,49,9099),(9100,4,49,175),(9101,1,50,1),(9102,1,50,2),(9103,1,50,3),(9104,1,50,4),(9105,1,50,5),(9106,2,50,6),(9107,1,50,7),(9108,1,50,8),(9109,5,50,9),(9110,1,50,10),(9111,3,50,11),(9112,1,50,12),(9113,1,50,13),(9114,1,50,14),(9115,2,50,15),(9116,1,50,16),(9117,1,50,17),(9118,1,50,18),(9119,1,50,19),(9120,1,50,20),(9121,1,50,21),(9122,2,50,22),(9123,1,50,23),(9124,1,50,24),(9125,1,50,25),(9126,2,50,26),(9127,1,50,27),(9128,1,50,28),(9129,1,50,29),(9130,1,50,30),(9131,1,50,31),(9132,1,50,32),(9133,1,50,33),(9134,1,50,34),(9135,1,50,35),(9136,1,50,36),(9137,1,50,37),(9138,1,50,38),(9139,1,50,39),(9140,1,50,40),(9141,1,50,41),(9142,1,50,42),(9143,1,50,43),(9144,1,50,44),(9145,1,50,45),(9146,1,50,46),(9147,1,50,47),(9148,1,50,48),(9149,1,50,49),(9150,1,50,50),(9151,2,50,51),(9152,1,50,52),(9153,2,50,53),(9154,1,50,54),(9155,3,50,55),(9156,1,50,56),(9157,1,50,57),(9158,1,50,58),(9159,3,50,59),(9160,1,50,60),(9161,1,50,61),(9162,1,50,62),(9163,1,50,63),(9164,2,50,64),(9165,1,50,65),(9166,1,50,66),(9167,1,50,67),(9168,1,50,68),(9169,1,50,69),(9170,1,50,70),(9171,1,50,71),(9172,1,50,72),(9173,3,50,73),(9174,1,50,74),(9175,1,50,75),(9176,1,50,76),(9177,1,50,77),(9178,1,50,78),(9179,5,50,79),(9180,4,50,80),(9181,1,50,81),(9182,1,50,82),(9183,2,50,83),(9184,1,50,84),(9185,3,50,85),(9186,1,50,86),(9187,1,50,87),(9188,1,50,88),(9189,3,50,89),(9190,1,50,90),(9191,2,50,91),(9192,1,50,92),(9193,1,50,93),(9194,1,50,94),(9195,1,50,95),(9196,1,50,96),(9197,7,50,97),(9198,1,50,98),(9199,1,50,99),(9200,1,50,100),(9201,1,50,101),(9202,1,50,102),(9203,2,50,103),(9204,1,50,104),(9205,1,50,105),(9206,3,50,106),(9207,3,50,107),(9208,3,50,108),(9209,1,50,109),(9210,1,50,110),(9211,4,50,111),(9212,1,50,112),(9213,1,50,113),(9214,1,50,114),(9215,1,50,115),(9216,2,50,116),(9217,3,50,117),(9218,1,50,118),(9219,1,50,119),(9220,2,50,120),(9221,1,50,121),(9222,1,50,122),(9223,4,50,123),(9224,1,50,124),(9225,1,50,125),(9226,1,50,126),(9227,1,50,127),(9228,2,50,128),(9229,1,50,129),(9230,1,50,130),(9231,1,50,131),(9232,2,50,132),(9233,1,50,133),(9234,1,50,134),(9235,2,50,135),(9236,1,50,136),(9237,1,50,137),(9238,1,50,138),(9239,1,50,139),(9240,1,50,140),(9241,1,50,141),(9242,2,50,142),(9243,1,50,143),(9244,1,50,144),(9245,1,50,145),(9246,1,50,146),(9247,1,50,147),(9248,1,50,148),(9249,1,50,149),(9250,1,50,150),(9251,2,50,151),(9252,1,50,152),(9253,1,50,153),(9254,1,50,154),(9255,1,50,155),(9256,1,50,156),(9257,2,50,157),(9258,1,50,158),(9259,1,50,159),(9260,1,50,160),(9261,1,50,161),(9262,1,50,162),(9263,1,50,163),(9264,1,50,164),(9265,2,50,165),(9266,3,50,166),(9267,1,50,167),(9268,1,50,168),(9269,1,50,169),(9270,3,50,170),(9271,3,50,171),(9272,1,50,172),(9273,1,50,173),(9274,1,50,174),(9275,5,50,175);
/*!40000 ALTER TABLE `url_words` ENABLE KEYS */;
UNLOCK TABLES;

--
-- Table structure for table `words`
--

DROP TABLE IF EXISTS `words`;
/*!40101 SET @saved_cs_client     = @@character_set_client */;
/*!40101 SET character_set_client = utf8 */;
CREATE TABLE `words` (
  `word_id` int(11) NOT NULL AUTO_INCREMENT,
  `word_str` varchar(128) NOT NULL,
  PRIMARY KEY (`word_id`),
  UNIQUE KEY `word_str` (`word_str`)
) ENGINE=InnoDB AUTO_INCREMENT=9276 DEFAULT CHARSET=utf8;
/*!40101 SET character_set_client = @saved_cs_client */;

--
-- Dumping data for table `words`
--

LOCK TABLES `words` WRITE;
/*!40000 ALTER TABLE `words` DISABLE KEYS */;
INSERT INTO `words` VALUES (3255,'\"\"'),(3262,',+,'),(6448,'--'),(7694,'---'),(5243,'...'),(4175,'00'),(16,'000'),(7691,'00help'),(7627,'00resid'),(3369,'01'),(3948,'02'),(4023,'02more'),(3404,'06'),(3336,'07'),(2223,'071'),(3387,'08'),(3317,'09'),(771,'10'),(142,'100'),(7633,'1000'),(86,'100proud'),(5481,'102'),(8055,'1035graduat'),(8689,'1036email'),(5143,'1051confer'),(5126,'1054off'),(2004,'108'),(8140,'1094graduat'),(6770,'10am'),(1660,'11'),(5109,'1106for'),(8534,'1114email'),(8381,'113'),(7873,'1154email'),(8580,'1157graduat'),(8512,'11th'),(1892,'12'),(8696,'1213graduat'),(8516,'1226graduat'),(3815,'1244'),(8695,'1251email'),(8283,'1256'),(8209,'1271'),(8834,'1271email'),(8771,'1288email'),(6688,'12pmno'),(25,'12the'),(815,'13'),(8108,'1309graduat'),(3800,'1312'),(3830,'1318'),(1804,'132'),(8423,'1355'),(3793,'1360'),(8241,'1363graduat'),(3732,'138'),(8082,'1383graduat'),(8095,'1384email'),(3794,'1390'),(8597,'1395email'),(8792,'13th'),(3335,'14'),(7819,'1498graduat'),(563,'15'),(6651,'15000'),(6727,'15pm'),(7988,'15tel'),(2067,'16'),(8379,'1607'),(8600,'1679email'),(7929,'1694graduat'),(4134,'16more'),(1961,'17'),(8410,'1720graduat'),(4155,'18'),(100,'180'),(7844,'1814'),(7984,'1814program'),(156,'1818'),(7909,'1828program'),(8436,'185graduat'),(8579,'1901graduat'),(8290,'1912email'),(8085,'1912graduat'),(8822,'1947email'),(6807,'1996'),(664,'19hotel'),(8104,'1m7graduat'),(8324,'1r2graduat'),(8469,'1s6graduat'),(8223,'1st'),(7807,'1sttel'),(8338,'1tel'),(7902,'1v7graduat'),(8190,'1w2graduat'),(8071,'1w5graduat'),(7962,'1x5graduat'),(8727,'1y6gradu'),(3942,'1z1'),(695,'20'),(6,'200'),(2546,'2003'),(3741,'2006'),(2825,'2008'),(8645,'2008graduat'),(8731,'2009'),(2889,'2009outfront'),(3125,'2010'),(166,'2011'),(4330,'2011an'),(8396,'2011email'),(1376,'2011student'),(934,'2012'),(8220,'2026email'),(8733,'203'),(7859,'205'),(8753,'2051email'),(1123,'2071'),(7822,'2091email'),(8334,'2093email'),(1135,'20purchas'),(3072,'21'),(3476,'212'),(8457,'2127halifax'),(8364,'2129graduat'),(8547,'215'),(8115,'2161email'),(1309,'22'),(5118,'2211campus'),(28,'2211contact'),(8461,'2294graduat'),(1179,'22check'),(8033,'2306email'),(8158,'2320graduat'),(7901,'2343graduat'),(7771,'2358email'),(4016,'236'),(5036,'2376'),(8166,'2378email'),(8549,'2396email'),(772,'23rd'),(2112,'24'),(5049,'2429individu'),(8261,'2433graduat'),(862,'2450'),(7336,'2450contact'),(5095,'2450scholarshipsawardsbursariesregistrar'),(5120,'2450student'),(8708,'2464graduat'),(8570,'2471'),(8601,'2485'),(8502,'2488email'),(2163,'25'),(1291,'250'),(5079,'2517housingresidenceresid'),(5150,'2517student'),(8154,'2535email'),(8099,'2536graduat'),(8339,'2572email'),(6792,'2574'),(2286,'258'),(584,'2587'),(3491,'26'),(7576,'261'),(8112,'2634graduat'),(8287,'2635graduat'),(1936,'27'),(8018,'2702graduat'),(8647,'2710graduat'),(8385,'2740email'),(2039,'278'),(7723,'2788graduat'),(3480,'279'),(3541,'28'),(6720,'280'),(7685,'283'),(7779,'28tel'),(1165,'29'),(8611,'2968graduat'),(8117,'2a7gradu'),(8355,'2nd'),(6790,'2pm'),(8050,'2x4graduat'),(797,'30'),(6429,'300'),(8586,'3001graduat'),(8811,'3006'),(8500,'3070graduat'),(8904,'3077'),(1818,'31'),(7891,'3100'),(8552,'3114graduat'),(5098,'3139research'),(8623,'314'),(7914,'31tel'),(7785,'3214email'),(8562,'3252graduat'),(8087,'3260email'),(8449,'3262graduat'),(8146,'3263'),(8393,'3306email'),(7871,'3356graduat'),(6805,'3372'),(5099,'3372neighbourhood'),(8722,'3427email'),(7991,'3468email'),(2078,'35'),(8700,'3501graduat'),(7889,'3515email'),(8632,'3517email'),(2032,'353'),(7979,'3536graduat'),(7793,'3555email'),(8063,'3558email'),(7883,'3568graduat'),(8419,'3575'),(8389,'3587email'),(8548,'3589graduat'),(7880,'3597email'),(8576,'3598graduat'),(1992,'35globecareersemploy'),(2184,'36'),(7735,'3609graduat'),(8417,'3632email'),(8086,'3656email'),(2126,'37'),(8207,'3723graduat'),(8392,'3742email'),(8194,'3760email'),(7903,'3764graduat'),(4354,'38'),(8761,'3805graduat'),(7778,'3810email'),(8553,'3814email'),(5136,'3831technic'),(8382,'3839email'),(7925,'3860email'),(7966,'3882graduat'),(3391,'39'),(8019,'3908graduat'),(8740,'3915graduat'),(5088,'3931'),(8769,'3958graduat'),(8256,'3973email'),(7068,'3998contact'),(5112,'3998media'),(3903,'3e2'),(1322,'3j5'),(8742,'3j5graduat'),(8716,'3j5program'),(3876,'3p7'),(3882,'3p9'),(795,'3rd'),(4184,'3tiger'),(2034,'40'),(692,'400'),(2199,'407'),(4262,'40th'),(2117,'412'),(3415,'42'),(8655,'422'),(7915,'432'),(6968,'45'),(3945,'45more'),(2178,'46'),(4048,'47'),(8263,'470'),(8838,'473'),(2014,'48'),(78,'494'),(7278,'4h6'),(8793,'4h6graduat'),(8139,'4h7graduat'),(8226,'4h9graduat'),(7892,'4j1graduat'),(8162,'4j3graduat'),(7814,'4p9graduat'),(147,'4r2'),(6818,'4r2custom'),(8042,'4r2graduat'),(5092,'4r2main'),(8326,'4th'),(1277,'50'),(2003,'500'),(8752,'5010'),(8023,'5063'),(8001,'5131graduat'),(8384,'5132'),(8514,'514'),(8833,'5161'),(8296,'5410'),(8426,'550truro'),(8363,'5599'),(8505,'5622'),(1122,'565'),(3297,'57'),(1837,'58'),(8843,'5849'),(8397,'5850'),(8442,'5869'),(8573,'5891'),(3544,'59'),(7850,'5968'),(7989,'5981'),(8452,'5e3gradu'),(714,'60'),(2554,'600'),(9016,'6047overviewstud'),(8472,'6050'),(8730,'6061'),(8504,'6074graduat'),(8501,'6100'),(8015,'6100graduat'),(7835,'6101'),(8495,'6135'),(8794,'6214'),(8723,'6230'),(6783,'6260'),(4246,'6283'),(7052,'6299'),(7832,'6300'),(8538,'6350'),(8402,'6391'),(8667,'6414'),(8634,'6438email'),(8408,'6502email'),(8121,'6593email'),(7946,'6605graduat'),(7754,'6691graduat'),(7840,'6702email'),(8005,'6702graduat'),(7734,'6752graduat'),(8259,'6778graduat'),(8523,'6780graduat'),(8172,'6816email'),(8507,'6835email'),(8721,'6867graduat'),(8155,'6924email'),(8197,'6r8graduat'),(7876,'6th'),(27,'700'),(8047,'700halifax'),(8202,'7052email'),(7856,'7052graduat'),(8807,'7097email'),(8145,'7150graduat'),(8213,'7159graduat'),(7776,'7179email'),(1087,'75'),(8443,'7510email'),(1942,'78'),(1976,'79'),(8464,'7th'),(6754,'80'),(1293,'800'),(5103,'8075continu'),(8090,'8078email'),(8151,'8390graduat'),(8688,'8434graduat'),(8736,'8517email'),(5105,'869'),(1143,'8801'),(8574,'8802graduat'),(8498,'8804email'),(5064,'8840room'),(7590,'8844'),(4168,'888'),(3075,'8886'),(8668,'893'),(8359,'8959email'),(8675,'896'),(114,'902'),(2210,'95'),(1645,'959'),(8149,'9700'),(1232,'98'),(3715,'988'),(1164,'9969'),(6815,'9am'),(4044,'://'),(6721,'?!'),(7950,'a210'),(8176,'abidi'),(8441,'abidigradu'),(3767,'abil'),(7363,'abl'),(2135,'aborigin'),(2927,'about'),(21,'aboutadmissionsacademicscampus'),(2813,'abraham'),(9078,'abroad'),(2000,'absenc'),(875,'academ'),(3353,'accept'),(556,'access'),(3938,'access1loung'),(5364,'accessibilityintern'),(5282,'acclaim'),(599,'accommod'),(821,'accommodationfor'),(2550,'accommodationmyguidebookstorequick'),(5097,'accomod'),(4428,'accord'),(635,'account'),(2714,'accountpaymentshousingintern'),(7167,'accountpaymentsresid'),(5386,'accountscar'),(7108,'accountselectron'),(5046,'accountsstud'),(7241,'accountyour'),(1810,'accredit'),(3852,'accuraci'),(2065,'acommun'),(2181,'acr'),(1985,'across'),(3203,'act'),(1465,'action'),(1402,'activ'),(1369,'activeintramur'),(1236,'activitiescom'),(3934,'ad'),(5688,'adapt'),(1931,'addit'),(884,'address'),(5736,'adequaci'),(6498,'adjust'),(3839,'admin'),(2288,'administ'),(3094,'administr'),(5258,'administrationdalhousi'),(8772,'administrationhealth'),(3660,'administrationleadershiplead'),(7750,'administrationsubject'),(80,'admiss'),(2789,'admissionsgradu'),(8462,'adob'),(4187,'adolesc'),(2251,'adopt'),(1079,'advanc'),(1233,'advancejoin'),(1185,'advantag'),(1187,'advantageth'),(2028,'advertis'),(5611,'advic'),(5393,'advis'),(5476,'advisingclass'),(2568,'advisingfirst'),(2587,'advisingstud'),(91,'advisor'),(834,'advisorappli'),(858,'advisorcontact'),(3034,'advisorcr'),(87,'advisorengin'),(71,'advisorget'),(1287,'advisori'),(3358,'aerospac'),(8676,'affair'),(7733,'affairsmateri'),(8013,'affairssubject'),(3370,'affect'),(5824,'affili'),(3394,'afford'),(7242,'affordablyliv'),(2241,'afinanci'),(2172,'age'),(8229,'agenc'),(4471,'aggreg'),(5861,'agre'),(3447,'agreement'),(40,'agricultur'),(7860,'agricultureanatomi'),(7821,'agrifaculti'),(2059,'ahealth'),(832,'aid'),(7226,'aidther'),(41,'aim'),(174,'air'),(557,'airport'),(8878,'alcohol'),(3389,'alert'),(3519,'alertssign'),(7742,'alex'),(8511,'alic'),(2383,'alik'),(7813,'alireza'),(2082,'all'),(1986,'allow'),(59,'almost'),(3343,'alon'),(757,'along'),(2608,'alongsid'),(807,'alreadi'),(1332,'also'),(1128,'alumni'),(3765,'alway'),(1203,'ambit'),(29,'ambiti'),(1250,'ambitionsbold'),(139,'ambitionsdalhousi'),(1221,'ambitionsth'),(3905,'amenitiesbus'),(3818,'amenitiesprint'),(608,'america'),(6080,'american'),(3542,'among'),(1893,'amount'),(7857,'amp'),(4311,'an'),(1771,'analysi'),(3307,'analyt'),(8186,'anatomi'),(5961,'and'),(1117,'ani'),(4250,'anim'),(8180,'ann'),(7759,'annbfaculti'),(4083,'anniversarycommun'),(3315,'announc'),(1158,'annual'),(4481,'anoth'),(750,'answer'),(8458,'anthropolog'),(8138,'anthropologysoci'),(6091,'anthropologyspanish'),(8637,'anthropologysubject'),(4454,'anyon'),(2586,'anywher'),(3507,'ap'),(2757,'apart'),(3859,'apic'),(6669,'apolog'),(3178,'appear'),(2233,'appli'),(3167,'applianc'),(907,'applic'),(3076,'applicantshuman'),(6959,'applicationwher'),(827,'appoint'),(2472,'appreci'),(1275,'appreciationit'),(2104,'apprenticeship'),(568,'appropri'),(3292,'approxim'),(4069,'appt'),(6449,'april'),(6749,'aquafit'),(3787,'arch'),(8376,'archfaculti'),(8542,'archibald'),(8474,'archibaldgradu'),(3961,'architectur'),(1306,'are'),(700,'area'),(3788,'area2studi'),(4221,'argu'),(5617,'aris'),(1879,'arm'),(7882,'armson'),(7863,'armsongradu'),(2261,'around'),(5524,'aroundhow'),(734,'arrang'),(541,'arriv'),(1170,'art'),(8636,'artcfaculti'),(5192,'articl'),(603,'as'),(4536,'ask'),(5213,'asm'),(7276,'assess'),(3432,'asset'),(645,'assist'),(2365,'associ'),(1145,'associationnew'),(8873,'assort'),(3845,'assum'),(2310,'at'),(95,'athlet'),(1674,'atlant'),(1819,'atmospher'),(8297,'atscfaculti'),(4604,'attempt'),(6742,'attend'),(5854,'attorn'),(1763,'attract'),(3309,'attribut'),(4443,'audienc'),(8491,'audiolog'),(753,'august'),(3976,'author'),(2123,'auto'),(4487,'automat'),(4625,'automaticallydalhousi'),(693,'avail'),(8466,'ave'),(2490,'avenu'),(8585,'avenuehalifax'),(2094,'averag'),(4280,'avp'),(917,'award'),(5068,'awardsaward'),(2852,'awardsoutfront'),(2796,'away'),(4166,'awesom'),(8205,'b1'),(8253,'b2n'),(145,'b3h'),(3786,'b3j'),(8527,'b3k'),(7838,'b3t'),(1228,'back'),(1834,'background'),(121,'bad'),(7072,'balanc'),(8809,'balwantray'),(7360,'bank'),(7085,'bankingscholarshipsstud'),(8856,'bar'),(2154,'barbequ'),(3960,'bargain'),(2418,'barrington'),(618,'base'),(2171,'basi'),(2304,'basic'),(5599,'bayer'),(674,'bazaar'),(8685,'bcmofaculti'),(5982,'bcomm'),(2794,'be'),(1791,'beauti'),(7780,'beazley'),(8520,'beazleygradu'),(1198,'becaus'),(6501,'becom'),(5587,'bedford'),(2055,'begin'),(1263,'behind'),(1234,'believ'),(1246,'benefit'),(1965,'benefitsdalhousi'),(3641,'benefitsemploye'),(2102,'benefitstop'),(151,'best'),(3897,'beta'),(3918,'betacampus'),(4492,'better'),(665,'beyond'),(2273,'bicycl'),(7182,'big'),(6523,'bill'),(4013,'bio'),(6057,'biochem'),(8679,'biochemistri'),(4326,'biodivers'),(8599,'bioefaculti'),(7760,'bioinformat'),(8653,'bioinformaticscomput'),(7957,'bioinformaticssubject'),(2952,'bioinnov'),(8217,'biolfaculti'),(4189,'biolog'),(7993,'biologybiolog'),(6063,'biologybusi'),(6011,'biologymarket'),(8465,'biologysubject'),(7802,'biomed'),(2903,'bionova'),(8142,'biophys'),(8211,'biophysicsphysiotherapi'),(8224,'biophysicssubject'),(7079,'birthdatepay'),(4005,'bit'),(3567,'blackboard'),(3237,'blank'),(3784,'block'),(3774,'blocker'),(3781,'blockersth'),(3063,'blog'),(4144,'blood'),(8557,'blouingradu'),(3640,'bls'),(2309,'blue'),(8156,'bme'),(8609,'bmngfaculti'),(1175,'board'),(6437,'boardwalk'),(1730,'boast'),(2961,'bob'),(6708,'bodi'),(3398,'boe'),(1173,'bold'),(4236,'boldambit'),(1880,'bonus'),(822,'book'),(3599,'bookinghealth'),(1427,'bookstor'),(553,'bookstoreregist'),(6256,'booth'),(2122,'border'),(3530,'bottl'),(4174,'bowen'),(2216,'box'),(2924,'boyd'),(2898,'brain'),(590,'brand'),(2134,'break'),(7708,'breakdown'),(3494,'breakthrough'),(8687,'brenda'),(8390,'brent'),(62,'brightest'),(1793,'bring'),(8119,'brittan'),(8141,'brittangradu'),(1466,'broad'),(8787,'brown'),(7919,'browngradu'),(6212,'brows'),(2091,'browseaboutpressemploy'),(3748,'browser'),(3714,'browserpop'),(1183,'bsc'),(2764,'budget'),(2811,'budgetbudget'),(1949,'build'),(4323,'built'),(1092,'bulk'),(4223,'bulli'),(7888,'burbidg'),(8122,'burnel'),(8079,'burnellgradu'),(840,'bursari'),(5567,'bursariescampus'),(7297,'bursariesstud'),(733,'bus'),(8977,'buse'),(1034,'busi'),(4176,'but'),(3949,'buy'),(1904,'bvacat'),(2249,'bwork'),(1855,'by'),(3892,'c700'),(129,'ca'),(8540,'caaddress'),(8638,'caagricultur'),(8635,'caanatomi'),(8017,'caarchitectur'),(8007,'caaudiolog'),(8529,'cabiochemistri'),(8098,'cabiolog'),(8844,'cabiomed'),(6513,'cabl'),(8178,'cabusi'),(8510,'cachem'),(8092,'cachemistri'),(8333,'cacivil'),(7864,'caclass'),(8744,'caclassicssubject'),(8588,'caclin'),(8373,'cacommun'),(8630,'cacomput'),(1191,'cacontact'),(8598,'cada'),(8590,'cadagradu'),(7727,'caearth'),(8739,'caeconom'),(8370,'caelectr'),(7775,'caelectron'),(7980,'caengin'),(8167,'caenglish'),(7837,'caenvironment'),(6649,'cafax'),(6260,'cafe'),(8236,'cafood'),(7994,'cahealth'),(8272,'cahistori'),(7861,'cahuman'),(7784,'caindustri'),(7799,'cainform'),(8608,'cainterdisciplinari'),(8684,'caintern'),(8074,'cainternetwork'),(8709,'cajourn'),(8724,'cakinesiolog'),(7872,'calaw'),(3440,'calcul'),(7456,'calculatorbudget'),(2741,'calculatorcost'),(7593,'calculatorfe'),(7716,'calculatorhow'),(5558,'calculatorpay'),(7455,'calculatortuit'),(8045,'caleisur'),(2458,'calendar'),(7767,'calendarmoney'),(973,'calendarsexam'),(913,'call'),(8420,'camarin'),(8800,'camateri'),(8525,'camathemat'),(8148,'camechan'),(8043,'camed'),(4229,'camilo'),(8710,'caminer'),(103,'campaign'),(67,'campaignthi'),(132,'campus'),(4273,'campus5'),(3873,'campuscampus'),(3798,'campuscarleton'),(615,'campuscommun'),(85,'campuscontact'),(3580,'campuscopyright'),(761,'campusdriv'),(3680,'campusesaudio'),(3835,'campusesbuild'),(3850,'campusesstudley'),(6884,'campusful'),(798,'campusgroup'),(3874,'campusk'),(1732,'campuslif'),(3941,'campussexton'),(1329,'campustak'),(1693,'campusth'),(1792,'campuswhat'),(8596,'camusicolog'),(42,'can'),(9,'canada'),(7960,'canadagradu'),(1687,'canadian'),(2086,'canadianscanada'),(6819,'cancel'),(1940,'cancer'),(3314,'cancerdalhousi'),(8705,'caneurosci'),(8150,'canurs'),(8399,'caoccup'),(8532,'caoceanographi'),(8698,'caoral'),(8427,'capatholog'),(8533,'caperiodont'),(8545,'capetroleum'),(8643,'capharmaceut'),(8169,'capharmacolog'),(7828,'caphilosophi'),(8064,'caphys'),(8264,'caphysiolog'),(8066,'caphysiotherapi'),(6430,'capit'),(8782,'caplan'),(8827,'capolit'),(8519,'caprosthodont'),(7898,'capsycholog'),(4468,'captur'),(8422,'capubl'),(1373,'card'),(6696,'cardio'),(3623,'cardtrademark'),(1219,'care'),(39,'career'),(2420,'carleton'),(1307,'cartmil'),(4085,'case'),(2229,'casearch'),(7023,'cashcredit'),(7865,'casoci'),(8672,'casociolog'),(8383,'caspeech'),(8703,'castatist'),(1882,'casual'),(6883,'casualpart'),(1467,'catch'),(8116,'catrina'),(8341,'cbbi'),(8310,'cbbifaculti'),(8496,'cblouin'),(8060,'cdha'),(3338,'cdns'),(90,'celebr'),(3955,'celebration2'),(3347,'cell'),(9081,'center'),(56,'centr'),(2978,'central'),(3340,'centrecontact'),(5378,'centrecounsel'),(4970,'centreengin'),(3564,'centrehuman'),(5346,'centreimprov'),(5398,'centremoney'),(5405,'centremultifaith'),(6941,'centreservic'),(4956,'ceo'),(8712,'ceplfaculti'),(4287,'ceremoni'),(5716,'certain'),(3728,'certif'),(3754,'certificateaft'),(3463,'cfi'),(8612,'cgrobert'),(8515,'ch'),(8589,'chad'),(3321,'chair'),(2932,'challeng'),(3982,'challengehop'),(699,'chanc'),(2900,'chang'),(3286,'chapter'),(3210,'charact'),(631,'charg'),(1974,'charit'),(7808,'charl'),(676,'charm'),(8606,'chase'),(4353,'chat'),(8083,'chauhan'),(7878,'chauhangradu'),(593,'check'),(3740,'checkbefor'),(3699,'checkjavascript'),(2744,'checklist'),(8335,'cheefaculti'),(1442,'cheer'),(6215,'cheerlead'),(8279,'chegrad'),(7803,'chemfaculti'),(7846,'chemic'),(8546,'chemistri'),(7008,'chequ'),(7893,'cheryl'),(3397,'child'),(2308,'childcar'),(2130,'children'),(727,'choic'),(2768,'choos'),(7678,'chosen'),(3393,'chr'),(8159,'christian'),(1971,'christma'),(3308,'cirrho'),(126,'citi'),(7427,'citizen'),(7549,'citizenship'),(7477,'citizenshipdo'),(4033,'cityan'),(783,'citymetro'),(4055,'cityth'),(6297,'citywith'),(7879,'civil'),(8699,'civlfaculti'),(5632,'claim'),(7886,'clasfaculti'),(150,'class'),(7542,'classesdalhousi'),(2042,'classesfor'),(1657,'classesget'),(1328,'classesrock'),(7442,'classestextbook'),(6729,'classesvisit'),(8477,'classic'),(3471,'classifi'),(5194,'classmat'),(616,'classroom'),(571,'classspeak'),(8459,'claswww'),(3154,'cleric'),(713,'click'),(1890,'climb'),(1432,'climbingget'),(4277,'clinic'),(3674,'clinicparkingd'),(739,'close'),(6758,'closur'),(8939,'cloth'),(1393,'club'),(6219,'clubdalhousi'),(5071,'clubsdalhousi'),(1351,'clubsfit'),(1358,'clubsrecr'),(8,'co'),(710,'coach'),(4004,'coast'),(6421,'coastal'),(2372,'coburg'),(2068,'code'),(8704,'colin'),(2822,'collabor'),(4533,'collect'),(5297,'collector'),(14,'colleg'),(6445,'colour'),(1901,'column'),(7728,'comberprogram'),(8751,'combin'),(1324,'come'),(2152,'comfort'),(2192,'comment'),(4092,'commenteddalhousi'),(4237,'commentsa'),(4247,'commentsdalhousi'),(4037,'commentsget'),(4281,'commentspromot'),(5981,'commerc'),(8129,'commerceengin'),(7745,'commercesubject'),(5789,'commerci'),(3443,'commiss'),(2343,'commit'),(2384,'committe'),(2443,'committeecommun'),(3310,'common'),(2496,'communic'),(2029,'communicationsdalhousi'),(2413,'communicationsth'),(762,'communiti'),(54,'communitybold'),(1665,'communitygovernancemiss'),(4171,'communitysubscrib'),(681,'compani'),(6979,'companiescar'),(2052,'compens'),(2274,'compensationdalhousi'),(2101,'competit'),(5627,'compil'),(5781,'complaint'),(6464,'complement'),(915,'complet'),(3849,'complex'),(5833,'compli'),(5855,'complianc'),(5640,'compon'),(2301,'compress'),(1997,'compris'),(1295,'comput'),(3169,'computerwildcard'),(868,'concern'),(5155,'concernscommun'),(4297,'concert'),(5753,'conclus'),(8625,'concurr'),(5772,'condit'),(6836,'conditon'),(1864,'conduct'),(5054,'confer'),(3044,'confid'),(2157,'confidenti'),(3713,'configur'),(167,'congratul'),(5549,'connaught'),(3059,'connect'),(1125,'connectg'),(4388,'consent'),(5749,'consequ'),(4074,'conserv'),(1006,'consid'),(2224,'consult'),(666,'contact'),(3249,'contain'),(3695,'content'),(153,'contentmyd'),(5255,'contest'),(2521,'continu'),(2209,'contract'),(3686,'contractsinstitut'),(5130,'contractsresearch'),(1098,'contribut'),(5683,'control'),(4573,'conveni'),(5731,'convenien'),(134,'convoc'),(4522,'cooki'),(4411,'cookiesa'),(1702,'cool'),(4942,'cooper'),(8350,'coordin'),(5869,'copi'),(3118,'copyright'),(1739,'core'),(8413,'corpfaculti'),(3539,'corpor'),(6532,'cost'),(5479,'costsfe'),(110,'costsfund'),(7536,'costshow'),(2712,'coststuit'),(8285,'coughlangradu'),(4035,'council'),(172,'countless'),(2047,'countri'),(125,'cours'),(1156,'court'),(5643,'cover'),(2095,'coverag'),(8764,'cowley'),(8448,'cowleygradu'),(594,'creat'),(3445,'creativ'),(3952,'credenti'),(2058,'credit'),(7867,'cregrad'),(8943,'crest'),(6402,'crisp'),(7302,'criteria'),(5273,'critic'),(2294,'cross'),(8784,'crossgradu'),(4072,'crown'),(4042,'crucial'),(2493,'cruiser'),(7746,'cs'),(8503,'cscifaculti'),(4296,'cull'),(8747,'culshaw'),(8652,'culshawgradu'),(2917,'cultur'),(4340,'cultureannu'),(4121,'culturesportsresearchalumnieventsphotosnotic'),(3109,'cupe'),(3896,'currenc'),(165,'current'),(1281,'curti'),(3303,'custom'),(4240,'cut'),(6100,'cytologydiagnost'),(1826,'daffodil'),(2313,'daili'),(171,'dal'),(3421,'dalabout'),(3676,'dalacadem'),(1335,'dalcard'),(97,'dalhousi'),(5276,'dalhousiecampus'),(13,'dalhousiecloselearn'),(5528,'dalhousiefact'),(149,'dalhousieprivaci'),(1658,'dalhousiequick'),(5055,'dalhousieregistr'),(4153,'dalhousieuview'),(3305,'dalmedia'),(4182,'dalmedschool'),(8234,'dalmpa'),(1719,'dalour'),(8078,'dalphil'),(756,'dalplex'),(1231,'dalreach'),(2867,'dalrec'),(1247,'dalrewardsalumni'),(8840,'dalth'),(4195,'daltig'),(4319,'dalunitedway'),(704,'dalw'),(1798,'dalwhat'),(5729,'damag'),(4305,'damian'),(8535,'dan'),(6140,'danc'),(4058,'dancingshin'),(2911,'daniel'),(4320,'darkroomin'),(3842,'data'),(5184,'databas'),(2,'date'),(1008,'datesacadem'),(7,'datesimport'),(5584,'datesscholarship'),(8111,'datetel'),(5536,'daughter'),(4309,'david'),(1726,'day'),(1867,'daycar'),(4027,'dayorient'),(8125,'deadlin'),(7849,'deadlinesimport'),(7976,'dec'),(6432,'decemb'),(5917,'decenc'),(5812,'decid'),(5747,'decis'),(2462,'dedic'),(6663,'deep'),(3246,'default'),(1845,'defin'),(92,'degre'),(4119,'dehdcki0'),(4515,'delet'),(3751,'deliv'),(5167,'deliveryget'),(632,'demand'),(4444,'demograph'),(8411,'denadmi'),(7938,'denovan'),(2077,'dental'),(8560,'dentistri'),(8779,'dentistry5891'),(8447,'dentistrydegre'),(2099,'depart'),(1055,'departmentsearch'),(2024,'depend'),(7073,'deposit'),(7243,'depositdalhousi'),(8622,'dept'),(5759,'deriv'),(4410,'describ'),(118,'design'),(2569,'designinformaticsenviron'),(5083,'deskhelpdesk'),(729,'destin'),(5828,'destruct'),(3217,'detail'),(3848,'detailssearch'),(3312,'detect'),(2174,'develop'),(7003,'developmentcar'),(3608,'developmentcompens'),(1991,'developmentdalhousi'),(3618,'developmentresearch'),(5477,'developmentstud'),(3145,'developmentth'),(8955,'developmentunivers'),(4156,'diagnost'),(2355,'dialogu'),(8351,'diamond'),(7948,'diamondgradu'),(8657,'dian'),(6776,'did'),(2066,'diet'),(45,'differ'),(7591,'differenti'),(9099,'difficulti'),(4303,'digestsubscrib'),(4081,'digit'),(4113,'dimension'),(600,'dine'),(1153,'dinner'),(6073,'diploma'),(662,'direct'),(3928,'directionsbuild'),(1977,'director'),(1101,'directori'),(1081,'directorydalhousi'),(5241,'directoryemploy'),(168,'directoryinform'),(1061,'directorysearch'),(33,'directorystud'),(2109,'disabl'),(933,'disciplin'),(1063,'disclaim'),(5866,'disclaimeralthough'),(4557,'disclos'),(1969,'discount'),(116,'discov'),(3518,'discoveri'),(5797,'discret'),(8857,'discrimin'),(10,'discuss'),(2821,'diseas'),(8592,'disord'),(7955,'disordersindustri'),(7820,'disorderssubject'),(6106,'disp'),(5661,'display'),(5850,'disput'),(1789,'distanc'),(2488,'distribut'),(2529,'district'),(169,'divers'),(1840,'doctor'),(2784,'document'),(7128,'doesn'),(4440,'domain'),(8819,'dominika'),(84,'don'),(3964,'donat'),(4314,'done'),(4206,'donor'),(2344,'door'),(3251,'doubl'),(955,'download'),(643,'downtown'),(8134,'dpatterson'),(2914,'dr'),(6026,'drama'),(1886,'dress'),(1941,'dri'),(6209,'drinker'),(811,'drive'),(3926,'drivingwalkingfrom'),(4289,'drop'),(6169,'dsu'),(2424,'ducc'),(5488,'due'),(5279,'dunn'),(2225,'durat'),(2075,'dure'),(7975,'dwl'),(578,'dynam'),(2338,'each'),(4937,'eager'),(1982,'eap'),(5995,'earli'),(2074,'earn'),(4020,'earsannu'),(4272,'earssportstig'),(3532,'earth'),(2235,'easi'),(4516,'easier'),(4165,'east'),(2010,'eat'),(8421,'ecedfaculti'),(8759,'ecmmfaculti'),(8219,'econfaculti'),(6286,'econom'),(2912,'economi'),(6033,'economicselectr'),(4046,'edg'),(2142,'editor'),(2093,'editori'),(8824,'edmond'),(1920,'edo'),(766,'educ'),(4301,'educationa'),(1004,'educationacadem'),(5034,'educationcontinu'),(2573,'educationcoop'),(2656,'educationexam'),(34,'educationfund'),(864,'educationintern'),(4994,'educationmanag'),(4255,'educationmor'),(953,'educationrequest'),(2790,'educationscholarshipsbursariesstud'),(4259,'educationsmil'),(8315,'educationsociologyspeech'),(8713,'educationsubject'),(88,'educationtuit'),(7875,'efaculti'),(2284,'effect'),(5265,'effectivelystudi'),(1155,'effort'),(3989,'effortsnew'),(8132,'eghiabi'),(7866,'eileen'),(3212,'either'),(8435,'electr'),(4470,'electron'),(5709,'element'),(8484,'eli'),(7613,'elig'),(8737,'elizabeth'),(1868,'eluta'),(4167,'em'),(531,'email'),(1955,'emerg'),(8673,'emma'),(4116,'empir'),(128,'employ'),(2118,'employe'),(3153,'employeetip'),(2031,'employerc'),(2188,'employermapdalhousi'),(4200,'employers23'),(1935,'employersbest'),(2269,'employerscanada'),(2994,'employerscontact'),(2995,'employerspost'),(1988,'employersth'),(7213,'employmentgradu'),(3726,'enabl'),(952,'encourag'),(803,'end'),(5728,'endors'),(1377,'energet'),(2956,'energi'),(4031,'enforcementpolldalhousi'),(8544,'eng'),(2221,'engag'),(2194,'engagementdalhousi'),(793,'engin'),(8541,'engineeringbiologybiomed'),(8760,'engineeringbusi'),(6114,'engineeringchemistrycivil'),(7725,'engineeringcivil'),(6109,'engineeringclassicscommerc'),(8331,'engineeringdegre'),(8327,'engineeringelectron'),(5965,'engineeringemerg'),(5979,'engineeringenvironment'),(8487,'engineeringinform'),(5976,'engineeringinformaticsintern'),(8245,'engineeringmathematicsmechan'),(8629,'engineeringmed'),(5980,'engineeringmedicinemeteorolog'),(8322,'engineeringmusicologyneurosciencenursingoccup'),(7774,'engineeringpharmaceut'),(8230,'engineeringsubject'),(8591,'englfaculti'),(3196,'english'),(8806,'engmfaculti'),(2323,'enhanc'),(2107,'enjoy'),(9005,'enrich'),(3757,'enrol'),(856,'ensur'),(4459,'enter'),(656,'entertain'),(9084,'entranc'),(6079,'entrepreneurship'),(8039,'entri'),(8062,'envefaculti'),(8215,'envifaculti'),(2862,'environ'),(6123,'environment'),(6025,'environmenttheatr'),(8284,'epidemiolog'),(7786,'epidemiologycomput'),(8094,'epidemiologysubject'),(2191,'equip'),(3670,'equiti'),(5721,'error'),(8022,'erthfaculti'),(8998,'esl'),(2628,'ess'),(5347,'essay'),(2247,'establish'),(8671,'estell'),(3357,'estim'),(7557,'estimatene'),(3565,'ethicsindustri'),(6000,'european'),(3627,'evaluationpayrol'),(1915,'even'),(1294,'event'),(6706,'eventsget'),(36,'eventshomecom'),(1311,'eventsreconnect'),(137,'eventssearch'),(8556,'eventssupport'),(6956,'eventsth'),(3413,'ever'),(1764,'everi'),(1445,'everyon'),(63,'everyth'),(4157,'everywher'),(4059,'evid'),(3211,'exact'),(3197,'exampl'),(896,'excel'),(2721,'excellencereadi'),(2180,'except'),(5466,'exchang'),(3274,'exclud'),(5761,'exclus'),(4199,'exist'),(2240,'exit'),(7261,'expect'),(2717,'expens'),(7461,'expensescanadian'),(709,'experi'),(6865,'expert'),(2893,'expertresearch'),(51,'explor'),(3069,'exposur'),(3915,'express'),(5737,'expressli'),(7924,'ext'),(5043,'extern'),(4260,'extinct'),(1454,'extracurricular'),(4056,'eye'),(1912,'eyecar'),(2006,'fabric'),(1132,'facebook'),(4082,'facebookhow'),(561,'facil'),(6693,'facilitiesnew'),(6640,'facilitiesopt'),(628,'facility10'),(575,'fact'),(7524,'factor'),(1105,'faculti'),(6092,'facultyal'),(3137,'facultytip'),(3048,'fair'),(9003,'faith'),(122,'fall'),(2456,'fallback'),(2150,'famili'),(4474,'familiar'),(8621,'fan'),(8114,'fanninggradu'),(4151,'far'),(7958,'fass'),(2246,'father'),(8707,'fazley'),(4178,'feast'),(2056,'featur'),(8485,'feb'),(6992,'februari'),(7340,'feder'),(115,'fee'),(3559,'feed'),(1943,'feedback'),(7635,'feesfe'),(7499,'feesintern'),(2711,'feesmi'),(7051,'feespaymentsfund'),(7441,'feestuit'),(1206,'fellow'),(8123,'fellowsfacultyfg'),(6156,'fenc'),(8395,'feneti'),(7897,'fenetygradu'),(8602,'fenwick'),(9056,'ferri'),(4233,'fest'),(1279,'festiv'),(2036,'fewer'),(2882,'fibroid'),(5266,'fiction'),(6710,'fieldhous'),(5269,'fieldtitleauthorsubjectstart'),(3361,'fight'),(2718,'figur'),(1699,'figuresacadem'),(5578,'figureshistori'),(689,'figuresmiss'),(4485,'file'),(3268,'fill'),(6075,'filter'),(2748,'financ'),(906,'financi'),(117,'find'),(3978,'finder'),(8666,'finsfaculti'),(816,'first'),(3997,'fisheri'),(2070,'fit'),(6697,'fitnesschildren'),(3352,'five'),(8330,'fizz'),(660,'flat'),(4022,'flavour'),(947,'flexibl'),(5168,'floor'),(8526,'floors5790'),(2044,'focus'),(3563,'foipop'),(3189,'follow'),(1356,'food'),(2202,'foot'),(6206,'footbal'),(144,'for'),(1047,'forbidden'),(3758,'forgot'),(924,'form'),(2018,'formal'),(4539,'formsshould'),(8497,'forrest'),(5884,'forum'),(4263,'forward'),(8717,'foscfaculti'),(2359,'foster'),(701,'found'),(7317,'four'),(3723,'frame'),(8437,'frank'),(1220,'free'),(7559,'freedom'),(3685,'freesmok'),(3607,'freesustain'),(8513,'french'),(6085,'frenchgend'),(8372,'frenfaculti'),(6461,'fresh'),(3331,'fri'),(2108,'friday'),(1262,'friend'),(22,'friendscommun'),(81,'friendsnew'),(6150,'frisbe'),(1751,'from'),(4170,'frontdalhousi'),(3963,'frontier'),(3497,'frosh'),(8492,'fstel'),(4256,'fulbright'),(892,'full'),(2220,'fulli'),(1031,'fullscreen'),(3864,'fullscreenxcampus'),(1126,'fun'),(3720,'function'),(1212,'fund'),(7162,'fundingdalhousi'),(8271,'fundingtel'),(109,'fundrais'),(2445,'further'),(4079,'fuse'),(2925,'futur'),(3985,'fv1h0hfu'),(8880,'g28'),(3031,'gain'),(2103,'galleri'),(1956,'game'),(8582,'gaogradu'),(7395,'gap'),(2477,'garden'),(8171,'gas'),(5292,'gaspereau'),(8959,'gateway'),(1319,'gather'),(5460,'gay'),(8008,'gdpa'),(585,'general'),(3703,'generat'),(7611,'generatedtot'),(4462,'generic'),(2153,'generous'),(2865,'genet'),(2388,'geograph'),(5944,'geolog'),(7737,'georg'),(8356,'german'),(6087,'germanhealth'),(8439,'germfaculti'),(595,'get'),(83,'getaway'),(8757,'ghasemi'),(8173,'ghasemigradu'),(7927,'ghiabigradu'),(1256,'gift'),(8920,'giftwar'),(535,'give'),(5895,'given'),(6153,'glimps'),(3351,'global'),(6055,'globalizationmarin'),(2664,'globe'),(2145,'globecar'),(7069,'glossaryformscontact'),(2433,'go'),(69,'goal'),(120,'good'),(3216,'googl'),(3284,'googledalhousi'),(4222,'got'),(5704,'govern'),(3616,'governancepresid'),(5746,'government'),(5160,'governmentsocieti'),(3600,'governor'),(7986,'grace'),(1259,'grad'),(8056,'gradanat'),(7762,'gradc'),(7787,'gradengl'),(8282,'gradhist'),(8837,'gradprog'),(1883,'gradstop'),(104,'graduat'),(1782,'grant'),(5908,'graphic'),(9092,'grawood'),(814,'great'),(1860,'greenest'),(8269,'greer'),(4276,'grew'),(1839,'ground'),(1749,'groundbreak'),(779,'group'),(3603,'groupsenvironment'),(6927,'growth'),(8746,'gsr'),(5841,'guarante'),(5700,'guard'),(1688,'guardian'),(597,'guid'),(6917,'guidanc'),(5316,'guidescollectionsloc'),(5355,'guidescours'),(5166,'guidessubject'),(8798,'guppi'),(8711,'guppygradu'),(8304,'guy'),(3994,'gvykojqk'),(1921,'gym'),(2119,'gymnasium'),(8257,'hadmfaculti'),(8354,'hahpgrad'),(8323,'hal'),(731,'half'),(64,'halifax'),(6409,'halifaxa'),(30,'halifaxcampus'),(5527,'halifaxcom'),(619,'halifaxhalifax'),(2761,'halifaxhow'),(767,'halifaxour'),(1685,'halifaxqu'),(105,'halifaxth'),(6378,'haligonian'),(583,'hall'),(769,'hallsa'),(7811,'hamilton'),(8289,'hamiltongradu'),(173,'hand'),(6871,'happen'),(1142,'happi'),(3658,'harass'),(6463,'harbourfront'),(4432,'hard'),(5874,'harm'),(534,'harper'),(7953,'harvey'),(7969,'harveygradu'),(1161,'have'),(8434,'hcdwww'),(4140,'he'),(1177,'health'),(7823,'healthadmin'),(3345,'healthdal'),(3515,'healthdalhousi'),(3546,'healthfutur'),(2011,'healthi'),(3401,'healthmeasl'),(1766,'hear'),(1296,'heard'),(1710,'heart'),(1280,'heartfelt'),(1993,'held'),(7812,'helmickgradu'),(164,'help'),(4288,'helpsresearchnew'),(8555,'henri'),(3466,'hepat'),(773,'here'),(4142,'herelight'),(3953,'herew'),(4073,'herrndorf'),(8065,'hick'),(161,'high'),(6424,'hike'),(7968,'hinf'),(8255,'hinffaculti'),(732,'hippest'),(1909,'hire'),(5249,'his'),(7881,'histfaculti'),(1945,'histor'),(1800,'histori'),(6122,'historyhistori'),(6404,'hockey'),(5236,'hold'),(2298,'holiday'),(4231,'holograph'),(781,'home'),(1678,'homeaboutaboutworld'),(2366,'homeaboutcommun'),(784,'homeaboutplan'),(6305,'homeaboutth'),(2632,'homeacademicsacademicsacademicson'),(936,'homeacademicsrequest'),(5996,'homeacademicsundergradu'),(2681,'homeadmissionsadmissionsa'),(825,'homeadmissionscontact'),(7009,'homeadmissionsmoney'),(1431,'homecampus'),(2027,'homecar'),(1249,'homecom'),(5147,'homecontact'),(5472,'homecurr'),(4906,'homeemployersemployersdiscov'),(3617,'homefaculti'),(4217,'homehomecom'),(6846,'homepagebecom'),(5498,'homeparentsparentsimport'),(4457,'homeprivaci'),(8551,'homeprospect'),(2946,'homeresearchresearcha'),(5916,'hometerm'),(6478,'homewheth'),(3437,'honour'),(4130,'honourtheatr'),(2838,'hope'),(1230,'host'),(640,'hotel'),(654,'hotelsairport'),(754,'hour'),(5212,'hoursstart'),(2186,'hous'),(872,'housemoney'),(5400,'housingbookstor'),(43,'housingdalhousi'),(6540,'housingfind'),(1457,'housingget'),(7127,'housingintern'),(6236,'housingmoney'),(6645,'housingresid'),(6530,'housingsearch'),(7687,'how'),(3810,'howev'),(8051,'hprofaculti'),(2337,'hrm'),(6012,'hsa'),(4010,'http'),(6374,'hub'),(8247,'hucdfaculti'),(3116,'human'),(6133,'hundr'),(8678,'hunter'),(7899,'hunterprogram'),(6056,'hygienedentistrydiagnost'),(6338,'ice'),(1368,'id'),(1299,'idea'),(4576,'ident'),(4480,'identif'),(4450,'identifi'),(8081,'idphd'),(8405,'idsgrad'),(8216,'iengfaculti'),(680,'if'),(2879,'ignit'),(4021,'ill'),(2182,'immedi'),(8758,'immunolog'),(6039,'immunologyminer'),(8048,'immunologysubject'),(1700,'impact'),(5933,'impli'),(2435,'import'),(4362,'improv'),(3456,'imt'),(1850,'in'),(774,'inc'),(7565,'incident'),(812,'includ'),(7400,'incom'),(6757,'inconveni'),(3716,'incorrect'),(2146,'increas'),(6562,'independ'),(3261,'indic'),(5692,'indirect'),(1053,'individu'),(6840,'indoor'),(2129,'industri'),(3408,'infect'),(2438,'influenc'),(8188,'infmfaculti'),(4091,'info'),(2232,'infoperk'),(711,'inform'),(8766,'informat'),(8378,'informaticshealth'),(8266,'informaticssubject'),(160,'informationbook'),(1022,'informationgradu'),(1149,'informationhav'),(1015,'informationlearn'),(980,'informationrequest'),(170,'informationvisit'),(5923,'infring'),(2147,'initi'),(3663,'initiativesintern'),(5680,'injuri'),(1253,'innov'),(4053,'innovacorp'),(3583,'innovationunivers'),(5117,'inquiri'),(1418,'insid'),(76,'inspir'),(3750,'instal'),(5822,'instanc'),(6477,'instant'),(3485,'institur'),(1831,'institut'),(2945,'institutescontact'),(7978,'institutionkillam'),(4441,'instruct'),(5225,'instructionlibrari'),(1881,'instructor'),(2268,'insur'),(8479,'intdfaculti'),(7970,'intefaculti'),(5013,'integr'),(1366,'intellectu'),(7324,'intend'),(1644,'intens'),(752,'interact'),(8004,'interdisciplinari'),(691,'interest'),(819,'interestattend'),(661,'intern'),(2106,'internet'),(3064,'internship'),(3693,'interpret'),(1829,'interview'),(6980,'interviewyour'),(3778,'inus'),(1274,'invest'),(2280,'involv'),(1410,'involvedstud'),(2319,'involvementdalhousi'),(7995,'inwkfaculti'),(4580,'ip'),(5842,'irrevoc'),(4504,'israel'),(2412,'issu'),(1171,'it'),(6034,'italian'),(1897,'item'),(7930,'iwk'),(8481,'jakeman'),(7972,'jakemangradu'),(5294,'jame'),(7751,'jan'),(8002,'januari'),(8610,'jasmina'),(3734,'java'),(3696,'javascript'),(8616,'jean'),(8024,'joann'),(2025,'job'),(3407,'john'),(8714,'johnson'),(8375,'johnsongradu'),(8210,'johnston'),(8763,'johnstongradu'),(2984,'join'),(8270,'joubert'),(7764,'joubertgradu'),(8398,'jour'),(8368,'jourfaculti'),(4088,'journal'),(8785,'journalismdegre'),(5171,'journalist'),(5179,'journalssubject'),(5342,'joy'),(8189,'jsdnon'),(5595,'jubile'),(8656,'judith'),(3759,'jump'),(8195,'jun'),(6470,'june'),(5663,'jurisdict'),(5835,'jurisdictionyou'),(1803,'just'),(8009,'kalamkarov'),(8294,'kalamkarovgradu'),(4361,'kampyl'),(8518,'karen'),(3980,'katherin'),(8179,'kathleen'),(6240,'kayak'),(7796,'kazu'),(1713,'kb'),(1131,'keep'),(2888,'keho'),(8014,'keith'),(7963,'kelley'),(8626,'kelleygradu'),(8345,'kelli'),(5293,'kellogg'),(8124,'kember'),(8445,'kembergradu'),(8631,'kenneth'),(1662,'kept'),(8828,'keselj'),(8661,'keseljgradu'),(2200,'key'),(6062,'keyword'),(94,'kick'),(3325,'kill'),(5232,'killam'),(5278,'killamth'),(2592,'kind'),(8654,'kinefaculti'),(6016,'kinesiolog'),(6061,'kinet'),(3417,'king'),(8386,'kipourosgradu'),(1821,'km'),(1987,'km100'),(2162,'km250'),(1972,'km50'),(2214,'km500'),(93,'know'),(6052,'knowledg'),(4224,'known'),(8756,'kozey'),(8305,'kozeygradu'),(1863,'kristina'),(3993,'kutcher'),(48,'lab'),(1944,'landscap'),(6766,'lane'),(4422,'languag'),(8898,'larg'),(2127,'largest'),(1948,'last'),(1124,'late'),(5808,'later'),(4235,'latest'),(6089,'latin'),(1174,'launch'),(3459,'law'),(8387,'lawdegre'),(7769,'lawsfaculti'),(3329,'lawwant'),(1681,'lead'),(3575,'leadersadministr'),(5935,'leadership'),(3614,'leadershipcampus'),(3591,'leadersperson'),(1348,'leaguescompetit'),(26,'learn'),(2227,'leav'),(2141,'lecturechosen'),(2237,'led'),(8813,'lee'),(7912,'leegradu'),(5515,'left'),(5271,'legal'),(777,'legendari'),(4542,'legisl'),(4612,'legitim'),(8488,'lei'),(7870,'leisfaculti'),(6126,'leisur'),(3881,'lemarch'),(1953,'length'),(5365,'lesbian'),(1929,'less'),(796,'let'),(7804,'letitia'),(8577,'letter'),(6909,'letterassist'),(2131,'leung'),(7445,'level'),(5911,'liabl'),(3639,'liaison'),(1389,'librari'),(5350,'librarian'),(5312,'librariescontact'),(5313,'librariesswitch'),(5254,'librariesth'),(5230,'libraryresearch'),(8506,'libsfaculti'),(3556,'licens'),(3457,'licenseal'),(4268,'lidgard'),(536,'life'),(1447,'lifebeyond'),(1326,'lifecampus'),(49,'lifeclub'),(17,'lifediscov'),(37,'lifelibrariesresearchalumni'),(6591,'lifelong'),(6494,'liferesid'),(6887,'lifestud'),(7515,'lifestyl'),(6488,'lifestyleaccess'),(5489,'light'),(720,'like'),(1111,'limit'),(7353,'line'),(3060,'link'),(2611,'linksgradu'),(7202,'linksmi'),(7744,'linksregistrar'),(1042,'list'),(3760,'listbrows'),(2265,'listen'),(705,'littl'),(8478,'liu'),(7810,'liugradu'),(787,'live'),(2125,'liveabl'),(688,'ll'),(8400,'llb'),(7848,'llm'),(3791,'load'),(1928,'loan'),(2743,'loansbudget'),(7330,'loansfind'),(7184,'loanshow'),(7123,'loanspart'),(2695,'loanstemporari'),(7018,'loansthird'),(1888,'local'),(6891,'localnationalinternationalfortun'),(564,'locat'),(5182,'locationskelloggth'),(4431,'locationw'),(7645,'lodg'),(3057,'log'),(540,'login'),(1091,'loginlogin'),(5964,'logist'),(4954,'logo'),(5335,'lola'),(2051,'long'),(6658,'longer'),(1844,'longest'),(2800,'look'),(4307,'lose'),(5871,'loss'),(1136,'lost'),(7518,'lot'),(1994,'loung'),(2990,'love'),(1981,'low'),(8754,'lucia'),(7834,'lynn'),(8337,'ma'),(3380,'macbain'),(8067,'macconnachi'),(7931,'macdonald'),(8021,'macdonaldgradu'),(4535,'machin'),(8522,'macpherson'),(8165,'macphersongradu'),(7781,'macsc'),(3528,'made'),(551,'magazin'),(2858,'magazinecentr'),(1264,'magazinecontact'),(4252,'magnitud'),(8103,'mahsrnon'),(914,'mail'),(802,'main'),(2541,'mainstreet'),(8897,'maintain'),(2943,'major'),(82,'make'),(2244,'manag'),(8144,'managementdegre'),(6036,'managementengineeringenglishentrepreneurship'),(8058,'managementenvironment'),(3653,'managementkillam'),(6028,'managementlawlaw'),(6058,'managementradiolog'),(8346,'managementsubject'),(3089,'manageri'),(2371,'mandat'),(6511,'mandatori'),(2627,'mani'),(8836,'manon'),(3073,'manual'),(611,'map'),(5508,'mapabout'),(3893,'mapbus'),(99,'mapcampus'),(3866,'mapfullscreen'),(565,'mapsdalhousi'),(1390,'mapsget'),(641,'mapswher'),(8274,'mar'),(8314,'marafaculti'),(1200,'march'),(8201,'marchtel'),(8780,'margaret'),(8357,'mari'),(8093,'marilyn'),(3239,'marin'),(8641,'marina'),(630,'maritim'),(1241,'mark'),(3552,'marker'),(4060,'market'),(3624,'marketingaudio'),(5029,'marketingcommun'),(5434,'marketingenvironment'),(8307,'martin'),(7839,'martingradu'),(8367,'masc'),(7825,'master'),(3175,'match'),(7923,'matel'),(843,'materi'),(2048,'matern'),(8451,'mathemat'),(7792,'mathematicsenglishenvironment'),(6129,'mathematicsmechan'),(8801,'mathematicssubject'),(8214,'mathfaculti'),(8199,'mathstat'),(7491,'mathus'),(8286,'matlfaculti'),(2749,'matter'),(6199,'mattersathlet'),(920,'matterscontact'),(2808,'mattersdevelop'),(7255,'mattersfund'),(7922,'mattersinterdisciplinari'),(7031,'matterspaymentspaymentsfal'),(5468,'mattersstud'),(5534,'matterstuit'),(8808,'maxillofaci'),(2116,'maximum'),(579,'may'),(1025,'mb'),(7895,'mba'),(7935,'mbacr'),(8425,'mbaf'),(8777,'mbatel'),(4149,'mc'),(3435,'mccall'),(7817,'mcmain'),(8839,'mcsc'),(8564,'mde'),(7942,'mdetel'),(8249,'mdmscnon'),(528,'meal'),(7519,'mealstransportationentertain'),(1115,'mean'),(3461,'measl'),(4491,'measur'),(7884,'mec'),(8633,'mechan'),(8424,'mechfaculti'),(8347,'mectel'),(1902,'medavi'),(3533,'media'),(2100,'mediacorp'),(2140,'medic'),(1923,'medicin'),(8308,'medicinedegre'),(7920,'medsfaculti'),(624,'meet'),(7933,'melvin'),(1138,'member'),(6803,'memberdalplex'),(2254,'membershelp'),(2160,'membership'),(2523,'membersterm'),(5358,'memori'),(2840,'men'),(8640,'meng'),(8309,'mengtel'),(4147,'mental'),(1906,'mentor'),(2185,'menu'),(801,'merchandis'),(77,'merger'),(7342,'merit'),(8594,'merrittgradu'),(8790,'mesnon'),(4571,'messag'),(6131,'metallurg'),(4295,'method'),(1854,'metr'),(8865,'metro'),(3863,'metrotransit'),(8537,'meynel'),(8349,'mgmtfaculti'),(8239,'mgmttel'),(4251,'mgrqnkjj'),(7809,'mhanon'),(7756,'mhitel'),(8735,'michael'),(8571,'michell'),(7788,'micifaculti'),(8348,'micigrad'),(3543,'microbi'),(6002,'microbiolog'),(4026,'microscop'),(6345,'mid'),(3235,'might'),(7777,'milicev'),(8096,'milicevicgradu'),(1130,'million'),(7894,'mim'),(8797,'mimtel'),(1211,'mind'),(127,'mindsskip'),(6015,'mine'),(7887,'minefaculti'),(8446,'miner'),(4110,'minist'),(2228,'minor'),(3280,'minus'),(588,'minut'),(2534,'minutesplan'),(3924,'miss'),(8677,'mitchel'),(8344,'mitchellgradu'),(8280,'mjnon'),(8110,'mlaw'),(8046,'mlis'),(8432,'mmmnon'),(8361,'mn'),(3409,'mobil'),(3867,'mode'),(6107,'modern'),(6035,'molecular'),(6756,'monday'),(1216,'money'),(2683,'moneymoney'),(4616,'monitor'),(5662,'monitoringyou'),(547,'month'),(4028,'mora'),(5708,'moral'),(3220,'more'),(3558,'more123456789'),(5202,'morearticlesdatabases'),(3488,'morepost'),(2381,'morri'),(158,'most'),(4193,'most0'),(2317,'mother'),(3520,'motion'),(5550,'move'),(7722,'mpa'),(8100,'mpam'),(8614,'mpatel'),(8697,'mplan'),(8682,'mplantel'),(7824,'mps'),(8278,'mremnon'),(8175,'ms'),(8639,'msc'),(8254,'mscnon'),(6070,'mscot'),(6077,'mscpt'),(8232,'mscs'),(8032,'msctel'),(8053,'msgp'),(8277,'mswnon'),(2600,'much'),(4132,'mull'),(4358,'multi'),(3402,'multin'),(8012,'muscfaculti'),(6415,'museum'),(1288,'music'),(8804,'musicgrd'),(5952,'musicneurosciencenuclear'),(113,'must'),(2448,'mutual'),(8196,'mwalsh2'),(4920,'mycar'),(5020,'mycareerrecruit'),(3011,'mycareerstud'),(3061,'mydalyour'),(690,'name'),(1102,'namedepartmentnam'),(1056,'nameful'),(1106,'namelast'),(7010,'namestud'),(3229,'narrow'),(1783,'nation'),(6350,'natur'),(3772,'navig'),(2300,'near'),(6548,'nearbi'),(5785,'necessari'),(5774,'necessarili'),(2510,'need'),(2930,'neglect'),(6938,'negoti'),(124,'neighbour'),(2399,'neighbourhood'),(2489,'neighbourhoodcommun'),(1712,'neighbourhooddalhousi'),(148,'neighbourhoodemployersmedia'),(102,'neighbourhoodemployersmediacurr'),(2430,'neighbourhoodliv'),(673,'neighbourhoodplan'),(7936,'nescfaculti'),(6899,'network'),(8683,'neurobiolog'),(7904,'neurobiologyarchitectureaudiologybiochemistri'),(7833,'neurobiologysubject'),(3538,'neuron'),(7747,'neurosci'),(3388,'neurosurg'),(3293,'neurosurgeri'),(1013,'never'),(141,'new'),(89,'news'),(4007,'newsa'),(4312,'newscommun'),(5561,'newsdiscov'),(4317,'newsfacebooktwitteryoutubemor'),(1898,'newslett'),(5544,'newsread'),(2863,'newsth'),(4286,'newsworkplac'),(3460,'next'),(7749,'nichola'),(5181,'night'),(4164,'nighta'),(2626,'no'),(4596,'non'),(698,'noon'),(5295,'norman'),(532,'north'),(2206,'northwest'),(4566,'not'),(602,'note'),(2380,'notic'),(8649,'nov'),(106,'nova'),(5183,'novanet'),(5231,'novanetswitch'),(3349,'novel'),(133,'now'),(57,'nowcampus'),(3431,'nowdalmedia'),(2591,'nowprogram'),(2703,'nowtuit'),(6842,'ns'),(672,'nsac'),(4310,'nsacdalmerg'),(8748,'nsacdegre'),(7724,'nscanada'),(8362,'nshealth'),(1413,'number'),(8242,'nurs'),(8164,'nursfaculti'),(6239,'object'),(5755,'oblig'),(1083,'obtain'),(4302,'obvious'),(8091,'occufaculti'),(8233,'occup'),(8105,'oceafaculti'),(136,'ocean'),(8036,'oceanographi'),(7853,'oceanographyor'),(6128,'oceanographypharmacyphilosophyphys'),(2282,'oct'),(1285,'octob'),(1825,'of'),(6528,'off'),(1814,'offdalhousi'),(58,'offer'),(533,'offic'),(5104,'officeadmiss'),(3633,'officecentr'),(3654,'officeconfer'),(3619,'officeev'),(8136,'officegradu'),(5037,'officeoch'),(5428,'officestudi'),(1437,'offici'),(5351,'offlin'),(4017,'offout'),(38,'offworkplac'),(1675,'often'),(8480,'oil'),(18,'old'),(8762,'omf'),(613,'on'),(1014,'onc'),(107,'one'),(1160,'onesconnect'),(2258,'ongo'),(679,'onlin'),(50,'onlinecampus'),(3067,'onlinecheck'),(1201,'onlineconnect'),(2073,'onsit'),(5582,'onto'),(152,'op'),(2212,'open'),(2514,'oper'),(6676,'operationdownload'),(74,'opportun'),(3131,'opportunitiesemploymentthi'),(8227,'opportunitiesprospect'),(70,'opportunitiesrequest'),(8791,'opthalm'),(4043,'optic'),(596,'option'),(7211,'optionsquick'),(4903,'optiontyp'),(3233,'or'),(7928,'oral'),(7042,'ordersinteracintern'),(2375,'organ'),(3668,'organiz'),(6178,'organizationsclub'),(6251,'organizationsget'),(72,'organizationsimport'),(6031,'organizationsmanag'),(159,'organizationsresid'),(1374,'orient'),(5906,'origin'),(8040,'ormxfaculti'),(2955,'orphan'),(1806,'orthodont'),(8352,'orthopt'),(7797,'ot'),(1298,'other'),(4581,'otherwis'),(8377,'otppfaculti'),(1724,'our'),(1927,'outdoor'),(1400,'outlet'),(1460,'outsid'),(8970,'overal'),(1002,'overviewcontinu'),(7539,'overviewfe'),(7075,'overviewmak'),(686,'overviewquick'),(6870,'overviewresourc'),(7364,'overviewscholarshipsbursariesextern'),(6148,'overviewstud'),(882,'overviewundergraduategradu'),(8174,'owen'),(8262,'owilli'),(66,'owl'),(5862,'owner'),(2537,'oxford'),(697,'packag'),(963,'packagewith'),(3227,'page'),(2190,'paid'),(2693,'paper'),(8325,'parcel'),(8133,'parcellgradu'),(1085,'parent'),(1871,'park'),(558,'part'),(1937,'parti'),(1137,'particip'),(817,'particular'),(1261,'partner'),(5537,'partnersa'),(2517,'partnership'),(554,'pass'),(8934,'passpolici'),(3701,'password'),(3782,'patent'),(8299,'pathfaculti'),(7900,'pathgrad'),(8243,'patholog'),(8831,'pathologystatist'),(7977,'pathologysubject'),(3364,'patient'),(2536,'patroleach'),(4417,'pattern'),(8311,'pattersongradu'),(1193,'pay'),(2023,'payment'),(7505,'paymentaccount'),(7007,'paymentfor'),(7036,'paymentoverdu'),(3579,'pcpc'),(993,'pdf'),(8430,'pea'),(8648,'pegg'),(8774,'pegggradu'),(2398,'peninsula'),(2305,'pension'),(591,'peopl'),(2320,'percentag'),(1252,'perform'),(8693,'perifaculti'),(4040,'peril'),(2071,'period'),(7425,'perman'),(2289,'permiss'),(5619,'perpetu'),(741,'person'),(4541,'personnel'),(5777,'pertain'),(4098,'peter'),(8360,'petrfaculti'),(8075,'petroleum'),(8265,'phacfaculti'),(2818,'pharmaceut'),(8182,'pharmaci'),(8025,'pharmacolog'),(1828,'phase'),(8077,'phasfaculti'),(7789,'phbifaculti'),(8240,'phd'),(8221,'phdintern'),(7877,'phdnon'),(7858,'phdsubject'),(8088,'phdtel'),(4120,'philanthropist'),(7956,'philfaculti'),(8738,'philosophi'),(4414,'phone'),(1415,'photocopi'),(4218,'photosd'),(3275,'phrase'),(8273,'phycfaculti'),(8237,'phys'),(1387,'physic'),(5953,'physio'),(7818,'physiolog'),(8620,'physiotherapi'),(8244,'phytfaculti'),(4285,'pita'),(5480,'pivot'),(1450,'place'),(3240,'placehold'),(1,'placement'),(1790,'plain'),(684,'plan'),(2057,'planemploy'),(8810,'planfaculti'),(5992,'planningart'),(4946,'planningcar'),(8669,'planningclassicsclin'),(7971,'planningdegre'),(7743,'planningsubject'),(6543,'planresid'),(4242,'plant'),(820,'play'),(589,'pleas'),(6255,'plenti'),(4322,'plos'),(6795,'plus'),(7794,'pluzhenskaya'),(7885,'pluzhenskayagradu'),(6765,'po'),(9097,'point'),(2335,'polic'),(3082,'polici'),(4078,'policyjohn'),(5638,'policyyou'),(7758,'polifaculti'),(6020,'polit'),(2281,'pool'),(3742,'pop'),(4128,'popul'),(606,'popular'),(1919,'posit'),(3516,'possibl'),(2238,'post'),(890,'postal'),(6848,'postingsmycar'),(2934,'powerhous'),(2960,'powerhousedalhousi'),(7973,'pr'),(3088,'practic'),(2307,'pre'),(8250,'preced'),(3377,'precis'),(4347,'predat'),(4574,'prefer'),(4540,'preformat'),(2139,'premium'),(5738,'prepar'),(3155,'preparationstaff'),(823,'present'),(2361,'presid'),(5204,'press'),(3886,'prev12next'),(4196,'prevent'),(3679,'preventionfreedom'),(5200,'previous'),(4306,'prey'),(7851,'price'),(8293,'pricegradu'),(8861,'prime'),(1325,'print'),(8044,'prior'),(2871,'prioriti'),(3462,'privaci'),(4378,'privacydalhousi'),(5878,'privat'),(2716,'prize'),(3179,'probabl'),(7094,'problem'),(3115,'procedur'),(3646,'proceduressc'),(893,'process'),(2511,'produc'),(5693,'product'),(4019,'prof'),(8732,'profess'),(101,'profession'),(7757,'professionphysiotherapi'),(8170,'professionsdegre'),(5984,'professionslawmanagementmedicinescienceaccount'),(7999,'professionsubject'),(143,'professor'),(724,'profil'),(4,'program'),(8453,'programdag'),(8006,'programmetel'),(8415,'programsagriculturesubject'),(2739,'programsappli'),(6078,'programsarchitectur'),(3,'programscontinu'),(8027,'programscurr'),(5958,'programsent'),(2552,'programsfacultiescontinu'),(984,'programsfacultiescoop'),(2629,'programsfind'),(35,'programsgradu'),(6059,'programsundergradu'),(5629,'prohibit'),(75,'project'),(3299,'projectsth'),(2670,'promis'),(5659,'promot'),(8662,'promotionhealth'),(7740,'promotionsubject'),(3711,'prompt'),(3730,'proper'),(5750,'proprietari'),(8509,'prosfaculti'),(2515,'prosper'),(8109,'prosthodont'),(3637,'protect'),(4526,'protocol'),(44,'proud'),(735,'provid'),(1896,'provinc'),(4275,'provinci'),(5630,'provis'),(1735,'provok'),(8835,'pscienc'),(5368,'psycholog'),(8765,'psychologysubject'),(8128,'psyofaculti'),(8463,'puadfaculti'),(6291,'pub'),(5682,'public'),(3399,'publish'),(1321,'purchas'),(4446,'purpos'),(3946,'put'),(7965,'qggao'),(8550,'qigang'),(1718,'quad'),(6450,'quaint'),(1848,'qualif'),(2336,'queen'),(3198,'queri'),(675,'question'),(3070,'quick'),(2400,'quinpool'),(3186,'quot'),(3840,'rackswirelessfood'),(1816,'racquetbal'),(5951,'rad'),(8805,'rafusegradu'),(9029,'rainbow'),(2243,'rais'),(7951,'randal'),(1459,'rang'),(2076,'raquetbal'),(2860,'rare'),(610,'rate'),(4300,'ratingstim'),(5357,'ravvin'),(8783,'raza'),(65,'re'),(155,'reach'),(3536,'read'),(4008,'realli'),(2136,'reason'),(6120,'rec'),(4350,'recap'),(3979,'recapalumnibring'),(4143,'recapathlet'),(5051,'receiptsstud'),(1265,'receiv'),(3486,'recent'),(3371,'receptor'),(1913,'reciev'),(1755,'recogn'),(2069,'recognit'),(3694,'recommend'),(1199,'record'),(725,'recordreput'),(1406,'recreat'),(32,'recreationclub'),(5028,'recreationdalplexathlet'),(3143,'recruit'),(2137,'reduc'),(1691,'refer'),(3193,'referenc'),(2352,'referencemeet'),(3177,'refin'),(5023,'refresh'),(5787,'refus'),(5706,'regard'),(2454,'region'),(2583,'regionarchitecturecostum'),(647,'regist'),(5389,'registerstud'),(3704,'registr'),(726,'registrar'),(5748,'regul'),(2368,'regular'),(8866,'regulationsbookstorestud'),(8799,'regulationsnew'),(3525,'rehabilit'),(3557,'rehears'),(7653,'reimburs'),(2040,'relat'),(3383,'relatedd'),(3384,'relateddalhousi'),(3484,'relatedenvironmentpost'),(3152,'relatedlearn'),(5115,'relationscommunicationsmarketingcommun'),(2468,'relationship'),(6762,'relay'),(5782,'relev'),(3762,'reli'),(5732,'relianc'),(5948,'religi'),(4204,'reluct'),(3508,'remain'),(4569,'rememb'),(4057,'remov'),(8228,'remtfaculti'),(2432,'renov'),(4548,'rent'),(683,'repres'),(5698,'represent'),(5778,'reproducemateri'),(5817,'reproduct'),(2648,'reput'),(11,'request'),(851,'requir'),(5152,'requirementsregistrar'),(1786,'research'),(7854,'research2nd'),(2814,'researchdalhousi'),(3643,'researchfacil'),(8607,'researchhistoryhuman'),(8340,'researchplanningpolit'),(8126,'researchsubject'),(740,'researchth'),(2302,'reserv'),(5233,'reservesadvanc'),(667,'resid'),(6588,'residenceimmers'),(6617,'residencesapart'),(6613,'residencesdorm'),(6479,'residencesnon'),(4244,'resolut'),(5885,'resolv'),(3158,'resourc'),(8954,'resourceshealth'),(3124,'resourcesjob'),(3597,'resourcespens'),(2501,'respect'),(2437,'respond'),(1048,'respons'),(657,'restaur'),(2236,'restor'),(1052,'result'),(140,'resultsprogramsundergradu'),(3827,'resultsto'),(3228,'resultsus'),(2968,'resum'),(6928,'resumestructur'),(3156,'retent'),(3628,'retentionfinanci'),(3113,'retentionhuman'),(3110,'retentioninform'),(3316,'retina'),(2226,'retir'),(2321,'retire'),(1027,'return'),(1286,'reunion'),(6393,'revel'),(573,'review'),(1706,'rich'),(2083,'richard'),(8938,'ride'),(2231,'right'),(6359,'rise'),(5673,'risk'),(7952,'rmcdevit'),(2545,'road'),(789,'robert'),(8208,'robertson'),(8816,'robertsongradu'),(2466,'robi'),(8401,'robin'),(8624,'robinson'),(8728,'robinsongradu'),(2350,'role'),(810,'room'),(6643,'rooma'),(6628,'roommat'),(5224,'roomslibrari'),(1343,'round'),(604,'rout'),(2159,'routin'),(8235,'row'),(5843,'royalti'),(8786,'rrptfaculti'),(7826,'rstadnyk'),(3956,'rt'),(6355,'rug'),(7568,'rule'),(4550,'run'),(3625,'safetyemerg'),(3988,'said'),(6460,'sail'),(6186,'sailingdalhousi'),(1849,'salari'),(6826,'sale'),(3005,'samplesemployersrecruit'),(8660,'sandra'),(7913,'sarah'),(1877,'satisfact'),(5744,'satisfi'),(566,'saturday'),(1925,'sauna'),(1129,'save'),(1795,'say'),(1770,'sayingexplor'),(1661,'sayingplan'),(1796,'scenic'),(669,'schedul'),(938,'scheduleclass'),(7547,'scheduleincident'),(6675,'schedulesteam'),(836,'scholarship'),(7143,'scholarshipsbursariesstud'),(2020,'school'),(1150,'scienc'),(8191,'science6050'),(7790,'sciencecommun'),(6038,'sciencecontemporari'),(8000,'sciencedegre'),(6086,'sciencedentistryengineeringgradu'),(8321,'scienceearth'),(3478,'sciencehow'),(8303,'sciencepharmacologyphilosophyphysicsphys'),(8559,'sciencephysiolog'),(7815,'scienceprosthodonticspsychologypubl'),(6014,'sciencepsychologypubl'),(6008,'sciencesbiochemistri'),(6118,'sciencescomput'),(7782,'sciencesdegre'),(8251,'scienceseconomicseconom'),(8054,'sciencesmicrobiolog'),(5939,'sciencesphysiotherapi'),(8246,'sciencessubject'),(8292,'sciencesubject'),(3503,'scienceth'),(4248,'scientif'),(3386,'scientist'),(73,'scotia'),(8729,'scott'),(5026,'screen'),(1225,'sculptur'),(3986,'seal'),(1075,'search'),(6157,'searchabl'),(5207,'searchlibrari'),(3133,'searchresum'),(5354,'searchsearch'),(6386,'season'),(1967,'seat'),(2452,'second'),(1964,'secondari'),(1670,'secret'),(3139,'secretari'),(627,'section'),(6051,'sector'),(1859,'secur'),(5,'see'),(2964,'seek'),(61,'seen'),(745,'select'),(3747,'self'),(4111,'sell'),(8650,'semba'),(8365,'sembagradu'),(2428,'semest'),(3655,'senatesenior'),(663,'send'),(5487,'sens'),(576,'septemb'),(2547,'serious'),(1344,'serv'),(4607,'server'),(601,'servic'),(2312,'serviceoff'),(8919,'servicesacadem'),(1422,'servicesathlet'),(5429,'servicescampus'),(6857,'servicescar'),(6168,'servicesclub'),(3895,'servicescomput'),(6022,'servicesdalhousi'),(3652,'servicesemailperson'),(68,'servicesemploy'),(2833,'servicesfind'),(5463,'servicesfood'),(3596,'servicesit'),(5404,'servicesoffic'),(3659,'servicesprint'),(3602,'servicespurchasingdalhousi'),(3631,'servicesrecruit'),(5450,'servicesregistrar'),(3622,'servicesresearch'),(5440,'servicesresidenceoff'),(4930,'servicessci'),(5260,'servicessearch'),(9058,'servicesstud'),(9006,'servicesw'),(930,'session'),(3043,'sessioncontact'),(6934,'sessionsexplor'),(857,'set'),(538,'settl'),(2187,'sever'),(785,'sexton'),(5245,'sextonth'),(9083,'sexual'),(5702,'shall'),(6841,'shallow'),(2425,'share'),(2941,'sharon'),(4203,'sheehan'),(8184,'sheet'),(6319,'shelter'),(751,'shop'),(6833,'shoppleas'),(2176,'shopsencourag'),(6340,'shorelin'),(2175,'short'),(1960,'shorten'),(4117,'show'),(6202,'showcas'),(649,'shuttl'),(2248,'sick'),(8329,'siddiq'),(8796,'siddiqgradu'),(8080,'sidler'),(8041,'sidlergradu'),(935,'sign'),(3318,'signific'),(8113,'sim'),(2396,'similar'),(2947,'simul'),(46,'sinc'),(6558,'singl'),(5272,'sir'),(4594,'site'),(4615,'sitesour'),(2087,'situat'),(2836,'six'),(6465,'skate'),(6281,'ski'),(2138,'skill'),(6648,'sleep'),(7916,'slwkfaculti'),(8317,'slwnfaculti'),(3718,'small'),(9020,'smoke'),(6569,'snack'),(6462,'snow'),(6809,'so'),(8741,'soanfaculti'),(1436,'social'),(1412,'societi'),(1398,'societiesvolunteersupport'),(6134,'societyd'),(6195,'societydalhousi'),(5969,'societyenvironment'),(8070,'socifaculti'),(8767,'sociolog'),(4486,'softwar'),(5624,'sole'),(1033,'solicit'),(5018,'solut'),(2005,'some'),(9055,'someon'),(1404,'someth'),(3710,'sometim'),(652,'somon'),(5517,'son'),(3534,'soon'),(8152,'sosagrad'),(5795,'sound'),(2688,'sourc'),(7083,'sourcesbudget'),(7405,'sourcesfund'),(7349,'sourceshow'),(112,'sourcespaymentslif'),(617,'south'),(2061,'space'),(3909,'space3directionstravel'),(3891,'space3travel'),(3914,'spatial'),(3022,'speak'),(3490,'speci'),(721,'special'),(1062,'specif'),(4927,'spectacular'),(8818,'speech'),(6505,'spend'),(4565,'spent'),(1650,'spirit'),(2962,'sponsor'),(6774,'sponsorsgovern'),(7057,'sponsorwaiverscanadian'),(1359,'sport'),(5089,'sportscampus'),(559,'sportschat'),(4075,'spotlight'),(2275,'spous'),(2499,'spread'),(2295,'spring'),(2222,'squar'),(1815,'squash'),(8584,'sres'),(8163,'st'),(1950,'stabil'),(7791,'stadnykgradu'),(1068,'staff'),(15,'staffalumni'),(3077,'staffcar'),(3662,'stafffaculti'),(1729,'staffhistori'),(3688,'staffhuman'),(5072,'staffquest'),(3568,'staffservic'),(2758,'stage'),(4024,'stan'),(4598,'standard'),(748,'stanfield'),(2217,'start'),(4278,'startup'),(5950,'stat'),(4452,'state'),(3291,'statement'),(4433,'statementprivaci'),(7074,'statementrefundsreceiptswaiversdalhousi'),(138,'statementterm'),(7947,'statfaculti'),(9062,'stationeri'),(4364,'statist'),(2287,'stay'),(648,'stayaccommod'),(8745,'stephen'),(8913,'sticker'),(3974,'stigma'),(3977,'still'),(5609,'stop'),(3857,'stopsparkingbik'),(5478,'stori'),(3475,'storiesimagesvideoexpert'),(6263,'storm'),(5601,'straight'),(2868,'strateg'),(9031,'strategi'),(6985,'strategyprepar'),(6851,'strategyview'),(6907,'strategyyour'),(2507,'street'),(2386,'streetsour'),(1178,'strengthen'),(9048,'stress'),(5880,'strict'),(3560,'stroke'),(6367,'stroll'),(123,'student'),(7498,'studentsaudit'),(5376,'studentsblack'),(3002,'studentsbrows'),(3049,'studentscar'),(8894,'studentsclub'),(5430,'studentscurr'),(2668,'studentsfinanc'),(5448,'studentsfor'),(8558,'studentsgradu'),(5385,'studentsinform'),(5431,'studentsmyguideacadem'),(871,'studentsopen'),(53,'studentsparentsfaculti'),(8670,'studentspostdoctor'),(2754,'studentsprofession'),(2985,'studentsservic'),(8483,'studentsupcom'),(888,'studi'),(7731,'studies6299'),(6090,'studieschem'),(2593,'studiescommun'),(8536,'studiescontact'),(873,'studiescontinu'),(6001,'studiescostum'),(5997,'studiescr'),(8802,'studiesdegre'),(6049,'studiesearth'),(6037,'studiesenvironment'),(5943,'studiesfilm'),(8353,'studiesfood'),(6121,'studieshealth'),(2775,'studiesintern'),(7830,'studiesinternetworkingjournalismkinesiologylawleisur'),(6040,'studiesjourn'),(8380,'studiesmarin'),(830,'studiesquest'),(6019,'studiesrespiratori'),(5937,'studiessciencesoci'),(6003,'studiesstatist'),(8177,'studiessubject'),(637,'studley'),(5299,'style'),(6636,'styledoubl'),(6599,'styleid'),(4356,'sub'),(5631,'subject'),(5675,'submissionsbi'),(2729,'submit'),(1258,'subscribeg'),(1962,'subsid'),(1843,'subsidi'),(3436,'substanti'),(6561,'succeed'),(9070,'successstud'),(5371,'successwrit'),(5909,'such'),(2283,'suggest'),(4188,'suicid'),(6235,'suit'),(4560,'summar'),(723,'summer'),(4169,'sun'),(6822,'sunday'),(2680,'supplement'),(2166,'suppli'),(7481,'suppliesliv'),(1010,'support'),(5157,'supporthelp'),(2773,'sure'),(6301,'surf'),(2819,'surgeon'),(2850,'surgeri'),(8578,'surgerypathologyperiodonticspetroleum'),(8581,'surgerysubject'),(1254,'surpass'),(154,'surpris'),(2457,'surround'),(163,'survey'),(7843,'susan'),(7829,'suspend'),(1205,'sustain'),(4106,'suzuki'),(1903,'swim'),(6197,'swing'),(5074,'switchboard'),(3181,'synonym'),(3721,'system'),(3739,'systemjump'),(670,'tab'),(1820,'tabl'),(1318,'tablescelebr'),(3446,'tackl'),(8892,'tailor'),(96,'take'),(5623,'taken'),(716,'talk'),(4009,'talksnew'),(3428,'target'),(2824,'taught'),(5090,'tax'),(730,'taxi'),(8407,'taylor'),(6162,'tea'),(3671,'teachingemploye'),(805,'team'),(6228,'teamand'),(6004,'tech'),(3080,'technic'),(3562,'techniqu'),(2823,'technolog'),(7766,'technologyfrenchgermanhealth'),(6072,'technologyindustri'),(8715,'technologynon'),(5963,'technologynursingoccup'),(7842,'technologysubject'),(4355,'teen'),(7732,'tel'),(2111,'telecommut'),(1044,'telephon'),(2128,'televis'),(6385,'temperatur'),(6634,'tenanc'),(6333,'tend'),(2173,'term'),(7331,'territori'),(3098,'text'),(8901,'textbook'),(1208,'thank'),(1238,'that'),(792,'the'),(1272,'theatr'),(3410,'their'),(5770,'theme'),(6125,'therapeut'),(5994,'therapi'),(8319,'therapistsnon'),(6071,'therapyrussian'),(1866,'there'),(5756,'thereof'),(5865,'thereon'),(2062,'these'),(7320,'they'),(7183,'thing'),(2598,'think'),(4421,'third'),(1084,'this'),(1680,'thought'),(6861,'thousand'),(1785,'three'),(1345,'thrive'),(3482,'through'),(2092,'throughout'),(3360,'thu'),(1210,'thursday'),(1316,'ticket'),(1430,'tiger'),(6810,'tigersintramur'),(6229,'tigersocieti'),(1449,'tigerssustain'),(8030,'tim'),(548,'time'),(6853,'timeon'),(6873,'timesummervolunteerinternshipsco'),(2563,'timetabledist'),(1030,'timetableimport'),(6565,'tip'),(7092,'tipsmoney'),(3241,'tipssearch'),(1869,'titl'),(119,'to'),(1181,'today'),(4327,'togeth'),(2447,'togetherat'),(1218,'toll'),(2423,'tom'),(4329,'tomorrow'),(2973,'tool'),(6852,'toolsdalhousi'),(3872,'toolsexit'),(5298,'toolswrit'),(108,'top'),(526,'topairport'),(8183,'topcopyright'),(5873,'topic'),(3287,'topicsartsbusinessengineeringlawoceanspoliticssciencesoci'),(3333,'total'),(1151,'touch'),(8531,'toughil'),(8775,'toughillgradu'),(111,'tour'),(786,'touran'),(1461,'tourbookstoresdalcarddalplexcampus'),(6620,'tourcheck'),(20,'tourcontact'),(549,'touri'),(537,'tourismcampus'),(722,'tourour'),(31,'tourscampus'),(546,'toursto'),(609,'tourto'),(1966,'toward'),(4107,'town'),(8428,'toze'),(8102,'tozegradu'),(7741,'traci'),(749,'track'),(2318,'trade'),(5809,'trademark'),(4096,'trader'),(881,'tradit'),(621,'traditionacadem'),(5586,'traditionfind'),(1651,'traditionlif'),(4426,'traffic'),(6320,'trail'),(2272,'train'),(4587,'transfer'),(7055,'transferinternet'),(544,'transit'),(4544,'transmit'),(2325,'trave'),(764,'travel'),(3667,'travesboard'),(2878,'treat'),(2939,'treatment'),(3513,'treatmentsjuli'),(4234,'tremend'),(625,'tri'),(5220,'trial'),(4108,'truck'),(3576,'trust'),(7944,'trustsfund'),(5459,'trustsintern'),(5190,'tube'),(3477,'tue'),(3334,'tuesday'),(2013,'tuition'),(2835,'tumour'),(8406,'tupper'),(3752,'turn'),(5215,'tutor'),(5310,'tutorialsdocu'),(1214,'twitter'),(3378,'twitteral'),(3987,'twitterdalhousi'),(3481,'twittermedia'),(2198,'two'),(3259,'type'),(6405,'typic'),(4066,'uhwlvam2'),(8291,'uke'),(6223,'ultim'),(6029,'ultrasounddis'),(5899,'unaccept'),(738,'unavail'),(6354,'uncommon'),(1983,'under'),(162,'undergradu'),(2861,'understand'),(5840,'understood'),(5879,'undesir'),(1750,'unexpect'),(3350,'unfold'),(1251,'unforgett'),(4520,'uniform'),(5775,'uninterrupt'),(2007,'union'),(1396,'unionclub'),(5137,'uniondsu'),(1669,'unioneconom'),(8971,'unionintern'),(2638,'uniqu'),(131,'unit'),(175,'univers'),(24,'universitydalhousi'),(8726,'universityfaculti'),(5142,'universityhalifax'),(6838,'universityproud'),(3423,'universityyour'),(5768,'unknown'),(4413,'unless'),(1870,'unpaid'),(2204,'unrel'),(146,'unstuffi'),(1918,'up'),(6879,'upcom'),(1196,'updat'),(5858,'upload'),(1852,'upon'),(2402,'urban'),(4570,'url'),(79,'us'),(4423,'usabl'),(2890,'usabout'),(4613,'usag'),(3493,'usal'),(1169,'usbold'),(23,'uscampus'),(5041,'uscontact'),(6916,'usdal'),(5007,'usdalhousi'),(9074,'usdrop'),(668,'use'),(5830,'useani'),(4500,'usedth'),(60,'usemedia'),(3755,'user'),(5827,'useterm'),(7218,'ushow'),(6705,'usjob'),(3010,'usspeak'),(3095,'vacanc'),(3079,'vacanciesemploymenthir'),(1984,'vacat'),(1946,'vacatioin'),(3427,'valid'),(2463,'valu'),(6422,'vari'),(3207,'variat'),(2110,'varieti'),(967,'various'),(788,'varsiti'),(52,'ve'),(5626,'verifi'),(971,'version'),(3780,'via'),(646,'vibrant'),(8702,'victor'),(2982,'video'),(682,'view'),(3862,'viewal'),(964,'viewbook'),(998,'viewbookview'),(4099,'vigil'),(5882,'violat'),(3504,'viral'),(562,'virtual'),(3561,'virus'),(8026,'viscfaculti'),(1899,'visibl'),(3458,'vision'),(1767,'visioncommun'),(586,'visiongovernancehistori'),(626,'visit'),(605,'visitaccommod'),(2328,'visitdalhousi'),(569,'visitexperi'),(4475,'visitif'),(1778,'visitleadership'),(5551,'visitmoney'),(4618,'visitor'),(760,'visitplan'),(3601,'visual'),(8107,'vlado'),(4341,'voic'),(1440,'volunt'),(4377,'voluntarili'),(8101,'vrafus'),(47,'wait'),(5807,'waiv'),(622,'walk'),(1824,'wall'),(8617,'walshgradu'),(4123,'wanna'),(1120,'want'),(5244,'war'),(1237,'warm'),(5685,'warrant'),(5743,'warranti'),(2364,'watch'),(3355,'water'),(1690,'waterfront'),(8068,'watson'),(8394,'watsongradu'),(55,'way'),(776,'we'),(942,'wealth'),(6289,'weather'),(3514,'web'),(4518,'webit'),(706,'websit'),(8052,'websiteanatomi'),(8038,'websitearchitecturesubject'),(8035,'websiteaudiologysubject'),(7964,'websiteback'),(8336,'websitebiochemistri'),(8267,'websitebiolog'),(7949,'websitebiologysubject'),(8181,'websitebiomed'),(8768,'websitebusi'),(8281,'websitechem'),(8118,'websitechemistrysubject'),(7827,'websitecivil'),(8031,'websiteclin'),(8619,'websitecommun'),(8567,'websitecomput'),(8455,'websiteearth'),(8073,'websiteeconom'),(7816,'websiteeconomicssubject'),(8135,'websiteelectr'),(8192,'websiteelectron'),(8084,'websiteengin'),(8028,'websiteenglishsubject'),(8490,'websiteenvironment'),(7997,'websitefood'),(8618,'websitefrenchsubject'),(7874,'websitegermansubject'),(4183,'websiteget'),(8628,'websitehealth'),(8418,'websitehistorysubject'),(7729,'websitehuman'),(7795,'websiteindustri'),(8212,'websiteinform'),(8803,'websiteinterdisciplinari'),(7932,'websiteintern'),(8829,'websiteinternetworkingsubject'),(7801,'websitejournalismsubject'),(8826,'websitekinesiologysubject'),(7726,'websitelawsubject'),(7939,'websiteleisur'),(8300,'websitemarin'),(8429,'websitemateri'),(8218,'websitemathematicssubject'),(8433,'websitemechan'),(8467,'websitemed'),(7736,'websitemicrobiolog'),(8003,'websiteminer'),(7752,'websitemusicologysubject'),(7998,'websiteneurosciencesubject'),(8276,'websitenot'),(8770,'websitenursingsubject'),(8692,'websiteoccup'),(8127,'websiteoceanographysubject'),(8524,'websiteor'),(8795,'websitepathologysubject'),(8403,'websiteperiodonticssubject'),(8566,'websitepetroleum'),(8414,'websitepharmaceut'),(8016,'websitepharmacologysubject'),(8225,'websitephilosophysubject'),(8059,'websitephys'),(8789,'websitephysicssubject'),(8366,'websitephysiolog'),(8204,'websitephysiotherapi'),(8493,'websiteplanningsubject'),(8781,'websiteprosthodonticssubject'),(8644,'websitepubl'),(7800,'websitesoci'),(8252,'websitesociologysubject'),(8358,'websitespeech'),(8842,'websitestatisticssubject'),(4545,'websitesth'),(7937,'websitetwo'),(4559,'websiteyour'),(3510,'wed'),(6772,'wednesday'),(2183,'week'),(634,'weekday'),(157,'weekend'),(6845,'weekendth'),(3348,'weekin'),(98,'weekunit'),(6714,'weight'),(747,'welcom'),(5329,'weldon'),(2259,'well'),(8888,'wellnesscar'),(8539,'wellsgradu'),(8318,'wenda'),(12,'what'),(8120,'whelan'),(8734,'whelangradu'),(552,'when'),(4385,'where'),(1776,'whether'),(3129,'whi'),(4562,'while'),(7926,'whitehead'),(8020,'whiteheadgradu'),(5740,'whole'),(1330,'wide'),(550,'will'),(7738,'willisgradu'),(2933,'win'),(3764,'window'),(8412,'wing'),(6288,'winter'),(7056,'wire'),(4501,'wish'),(1260,'with'),(7321,'withdraw'),(715,'within'),(5263,'withkeywordadvanc'),(2060,'without'),(2115,'women'),(1970,'word'),(130,'work'),(2215,'worker'),(2017,'workforc'),(3487,'workhealthdalhousi'),(5195,'worklibrari'),(1998,'workplac'),(1856,'workplacedalhousi'),(1707,'workplacefaculti'),(737,'workplaceworld'),(5330,'workshop'),(8161,'worksoci'),(6102,'worksociolog'),(8776,'worksubject'),(809,'world'),(3966,'worldwid'),(6485,'worri'),(2165,'woven'),(8275,'wranikgradu'),(8130,'wright'),(8615,'wrightgradu'),(5229,'write'),(5331,'writer'),(6115,'writingdalhousi'),(3087,'writinginterview'),(4181,'written'),(3939,'xfrom'),(135,'year'),(7714,'yeartuit'),(2239,'yerema'),(3691,'yes'),(3911,'yet'),(1035,'you'),(4338,'young'),(19,'your'),(1741,'youth'),(6750,'youthmembership'),(3047,'youtub'),(1227,'youtubedalhousi'),(3823,'za'),(3838,'zking'),(2012,'zone'),(3888,'zsearch');
/*!40000 ALTER TABLE `words` ENABLE KEYS */;
UNLOCK TABLES;
/*!40103 SET TIME_ZONE=@OLD_TIME_ZONE */;

/*!40101 SET SQL_MODE=@OLD_SQL_MODE */;
/*!40014 SET FOREIGN_KEY_CHECKS=@OLD_FOREIGN_KEY_CHECKS */;
/*!40014 SET UNIQUE_CHECKS=@OLD_UNIQUE_CHECKS */;
/*!40101 SET CHARACTER_SET_CLIENT=@OLD_CHARACTER_SET_CLIENT */;
/*!40101 SET CHARACTER_SET_RESULTS=@OLD_CHARACTER_SET_RESULTS */;
/*!40101 SET COLLATION_CONNECTION=@OLD_COLLATION_CONNECTION */;
/*!40111 SET SQL_NOTES=@OLD_SQL_NOTES */;

-- Dump completed on 2011-10-19 12:54:11
